experiment,checkpoint_step,bucket,mae_shoulder_lift_deg,mae_elbow_flex_deg,mae_key_joints_mean_deg
combined65_baseline,2500,step0,6.831961631774902,8.940553665161133,7.886257648468018
combined65_baseline,2500,step1_2,6.644334316253662,9.51619815826416,8.080266237258911
combined65_baseline,2500,step3_plus,15.747241973876953,19.37606430053711,17.56165313720703
combined65_baseline,5000,step0,3.311771869659424,2.9412639141082764,3.12651789188385
combined65_baseline,5000,step1_2,2.8241524696350098,2.906879186630249,2.8655158281326294
combined65_baseline,5000,step3_plus,5.125509738922119,5.135533809661865,5.130521774291992
combined65_baseline,7500,step0,2.3176321983337402,2.0484111309051514,2.183021664619446
combined65_baseline,7500,step1_2,1.960679292678833,2.0158846378326416,1.9882819652557373
combined65_baseline,7500,step3_plus,10.015387535095215,12.411230087280273,11.213308811187744
combined65_baseline,10000,step0,2.029447555541992,1.5829658508300781,1.8062067031860352
combined65_baseline,10000,step1_2,1.8413358926773071,1.7828859090805054,1.8121109008789062
combined65_baseline,10000,step3_plus,5.897100448608398,7.753961086273193,6.825530767440796
combined65_early_weight_v1,2500,step0,7.3398942947387695,8.664463996887207,8.002179145812988
combined65_early_weight_v1,2500,step1_2,6.830801486968994,8.071321487426758,7.451061487197876
combined65_early_weight_v1,2500,step3_plus,14.507180213928223,16.440031051635742,15.473605632781982
combined65_early_weight_v1,5000,step0,3.2946858406066895,3.0754330158233643,3.185059428215027
combined65_early_weight_v1,5000,step1_2,2.5824081897735596,3.0837063789367676,2.8330572843551636
combined65_early_weight_v1,5000,step3_plus,4.6161112785339355,4.830598831176758,4.723355054855347
combined65_early_weight_v1,7500,step0,2.0704846382141113,1.7657737731933594,1.9181292057037354
combined65_early_weight_v1,7500,step1_2,2.079991102218628,1.9513013362884521,2.01564621925354
combined65_early_weight_v1,7500,step3_plus,9.823044776916504,12.041535377502441,10.932290077209473
combined65_early_weight_v1,10000,step0,1.8642857074737549,1.52153742313385,1.6929115653038025
combined65_early_weight_v1,10000,step1_2,1.9627139568328857,1.7712695598602295,1.8669917583465576
combined65_early_weight_v1,10000,step3_plus,6.510777473449707,8.337241172790527,7.424009323120117
reinforcement30_only_v1,2500,step0,5.054875373840332,5.356999397277832,5.205937385559082
reinforcement30_only_v1,2500,step1_2,4.058041572570801,4.905914783477783,4.481978178024292
reinforcement30_only_v1,2500,step3_plus,14.121703147888184,8.50677490234375,11.314239025115967
reinforcement30_only_v1,5000,step0,3.2237725257873535,2.2645256519317627,2.744149088859558
reinforcement30_only_v1,5000,step1_2,3.217941999435425,2.1306164264678955,2.67427921295166
reinforcement30_only_v1,5000,step3_plus,13.547319412231445,7.50124454498291,10.524281978607178
reinforcement30_only_v1,7500,step0,2.4603538513183594,1.4204696416854858,1.9404117465019226
reinforcement30_only_v1,7500,step1_2,3.1238017082214355,1.9169857501983643,2.5203937292099
reinforcement30_only_v1,7500,step3_plus,13.249664306640625,8.072587013244629,10.661125659942627
reinforcement30_only_v1,10000,step0,2.4758353233337402,1.5064102411270142,1.9911227822303772
reinforcement30_only_v1,10000,step1_2,2.5816612243652344,1.5722472667694092,2.0769542455673218
reinforcement30_only_v1,10000,step3_plus,9.864120483398438,4.938998699188232,7.401559591293335
combined65_reweight_new2_old1_v1,2500,step0,5.747125625610352,4.692461013793945,5.219793319702148
combined65_reweight_new2_old1_v1,2500,step1_2,5.432015895843506,4.090503215789795,4.76125955581665
combined65_reweight_new2_old1_v1,2500,step3_plus,10.534412384033203,8.590100288391113,9.562256336212158
combined65_reweight_new2_old1_v1,5000,step0,3.114907741546631,2.4552600383758545,2.7850838899612427
combined65_reweight_new2_old1_v1,5000,step1_2,2.3073887825012207,2.6547091007232666,2.4810489416122437
combined65_reweight_new2_old1_v1,5000,step3_plus,4.848324298858643,4.002434253692627,4.425379276275635
combined65_reweight_new2_old1_v1,7500,step0,1.9042327404022217,1.3776485919952393,1.6409406661987305
combined65_reweight_new2_old1_v1,7500,step1_2,1.9037721157073975,1.7424319982528687,1.823102056980133
combined65_reweight_new2_old1_v1,7500,step3_plus,7.138888835906982,9.36839485168457,8.253641843795776
combined65_reweight_new2_old1_v1,10000,step0,1.8018707036972046,1.4313857555389404,1.6166282296180725
combined65_reweight_new2_old1_v1,10000,step1_2,1.9326045513153076,1.7863038778305054,1.8594542145729065
combined65_reweight_new2_old1_v1,10000,step3_plus,6.435625076293945,8.433661460876465,7.434643268585205
combined65_reweight_new3_old1_v1,2500,step0,5.42285680770874,4.856895923614502,5.139876365661621
combined65_reweight_new3_old1_v1,2500,step1_2,3.3765506744384766,4.1476335525512695,3.762092113494873
combined65_reweight_new3_old1_v1,2500,step3_plus,9.062246322631836,12.232916831970215,10.647581577301025
combined65_reweight_new3_old1_v1,5000,step0,4.550463676452637,3.5806686878204346,4.065566182136536
combined65_reweight_new3_old1_v1,5000,step1_2,4.18686580657959,3.166675090789795,3.6767704486846924
combined65_reweight_new3_old1_v1,5000,step3_plus,6.208507061004639,8.62233829498291,7.415422677993774
combined65_reweight_new3_old1_v1,7500,step0,1.9707801342010498,2.071528196334839,2.0211541652679443
combined65_reweight_new3_old1_v1,7500,step1_2,1.7713953256607056,1.9101006984710693,1.8407480120658875
combined65_reweight_new3_old1_v1,7500,step3_plus,6.409492492675781,8.34467887878418,7.3770856857299805
combined65_reweight_new3_old1_v1,10000,step0,1.9484103918075562,1.466183066368103,1.7072967290878296
combined65_reweight_new3_old1_v1,10000,step1_2,2.0355563163757324,1.6558310985565186,1.8456937074661255
combined65_reweight_new3_old1_v1,10000,step3_plus,5.414766788482666,6.809894561767578,6.112330675125122
