candidate,track,scene_id,seed,wall_time_s,step_count,ended_reason,ended_by_safety_reject,real_follower_write_count,kinematic_pick_drop_success,physics_pick_drop_success,approach_success,approach_min_dist_m,grasp_pose_reached,gripper_close_detected,gripper_close_timing_ok,lift_success,lift_max_height_m,carry_direction_ok,carry_bin_dist_trend,bin_vicinity_reached,ee_bin_min_dist_m,gripper_release_detected,release_timing_ok,grasp_contact_detected,cube_secured,physics_lifted,physics_carried,physics_released,physics_dropped_early,physics_final_in_bin,safety_accept_count,safety_would_clamp_count,safety_reject_count,clamp_free,mean_abs_jerk_deg,max_single_step_delta_deg,failure_reason,failure_track,failure_cause,episode_index,dataset_root
A,primary,mujoco_rollout_test01,0,3.14,350,episode_exhausted,False,0,False,False,False,0.1406,False,False,False,False,0.0,False,0.0,False,0.32,False,False,False,False,False,False,False,False,False,205,145,0,False,1.3317534717934902,20.45671941757202,failed_approach,kinematic,timeout,0,/home/rlack/Projects/physical-ai-dummy/physical-ai-dummy/data/so101_cube_xy_midpoint_test10_v2_clean
A,primary,mujoco_rollout_test01,1,2.55,350,episode_exhausted,False,0,False,False,False,0.14,False,False,False,False,0.0,False,0.0,False,0.3216,False,False,False,False,False,False,False,False,False,181,169,0,False,1.213018238173414,21.916459102630615,failed_approach,kinematic,timeout,0,/home/rlack/Projects/physical-ai-dummy/physical-ai-dummy/data/so101_cube_xy_midpoint_test10_v2_clean
A,primary,mujoco_rollout_test01,2,2.61,350,episode_exhausted,False,0,False,False,False,0.1401,False,False,False,False,0.0,False,0.0,False,0.3166,False,False,False,False,False,False,False,False,False,178,172,0,False,1.2408623066900573,19.033587474822998,failed_approach,kinematic,timeout,0,/home/rlack/Projects/physical-ai-dummy/physical-ai-dummy/data/so101_cube_xy_midpoint_test10_v2_clean
A,primary,mujoco_rollout_test02,0,2.73,350,episode_exhausted,False,0,False,False,False,0.1402,False,False,False,False,0.0,False,0.0,False,0.2682,False,False,False,False,False,False,False,False,False,126,224,0,False,1.274316414732673,15.815687058562892,failed_approach,kinematic,timeout,1,/home/rlack/Projects/physical-ai-dummy/physical-ai-dummy/data/so101_cube_xy_midpoint_test10_v2_clean
A,primary,mujoco_rollout_test02,1,2.63,350,episode_exhausted,False,0,False,False,False,0.1452,False,False,False,False,0.0,False,0.0,False,0.2678,False,False,False,False,False,False,False,False,False,135,215,0,False,1.3097415669869585,13.118680986371416,failed_approach,kinematic,timeout,1,/home/rlack/Projects/physical-ai-dummy/physical-ai-dummy/data/so101_cube_xy_midpoint_test10_v2_clean
A,primary,mujoco_rollout_test02,2,2.07,230,safety_reject,True,0,False,False,False,0.1467,False,False,False,False,0.0,False,0.0,False,0.2597,False,False,False,False,False,False,False,False,False,73,156,1,False,1.285755778231949,14.320858260469505,safety_reject,kinematic,safety_reject,1,/home/rlack/Projects/physical-ai-dummy/physical-ai-dummy/data/so101_cube_xy_midpoint_test10_v2_clean
A,primary,mujoco_rollout_test03,0,2.74,350,episode_exhausted,False,0,False,False,True,0.0565,False,False,False,False,0.0,False,0.0,False,0.3162,False,False,False,False,False,False,False,False,False,128,222,0,False,1.2345312499312708,17.184907913208008,missed_grasp,kinematic,policy_trajectory,2,/home/rlack/Projects/physical-ai-dummy/physical-ai-dummy/data/so101_cube_xy_midpoint_test10_v2_clean
A,primary,mujoco_rollout_test03,1,2.85,350,episode_exhausted,False,0,False,False,False,0.065,False,False,False,False,0.0,False,0.0,False,0.3186,False,False,False,False,False,False,False,False,False,155,195,0,False,1.2550630566482825,16.932381629943848,failed_approach,kinematic,timeout,2,/home/rlack/Projects/physical-ai-dummy/physical-ai-dummy/data/so101_cube_xy_midpoint_test10_v2_clean
A,primary,mujoco_rollout_test03,2,2.69,350,episode_exhausted,False,0,False,False,False,0.0626,False,True,False,True,0.1497,False,-0.2308,False,0.3199,False,False,False,False,False,False,False,False,False,130,220,0,False,1.2911192945713028,20.376352310180664,failed_approach,kinematic,timeout,2,/home/rlack/Projects/physical-ai-dummy/physical-ai-dummy/data/so101_cube_xy_midpoint_test10_v2_clean
A,primary,mujoco_rollout_test04,0,1.99,230,safety_reject,True,0,False,False,True,0.0514,False,False,False,False,0.0,False,0.0,False,0.2103,False,False,False,False,False,False,False,False,False,75,154,1,False,1.334344241060564,19.638834815165215,safety_reject,kinematic,safety_reject,3,/home/rlack/Projects/physical-ai-dummy/physical-ai-dummy/data/so101_cube_xy_midpoint_test10_v2_clean
A,primary,mujoco_rollout_test04,1,1.91,232,safety_reject,True,0,False,False,True,0.053,False,False,False,False,0.0,False,0.0,False,0.2007,False,False,False,False,False,False,False,False,False,51,180,1,False,1.3866210236439542,21.499581943191927,safety_reject,kinematic,safety_reject,3,/home/rlack/Projects/physical-ai-dummy/physical-ai-dummy/data/so101_cube_xy_midpoint_test10_v2_clean
A,primary,mujoco_rollout_test04,2,2.51,350,episode_exhausted,False,0,False,False,True,0.0529,False,False,False,False,0.0,False,0.0,False,0.2104,False,False,False,False,False,False,False,False,False,116,234,0,False,1.310747840245277,21.938203299720637,missed_grasp,kinematic,policy_trajectory,3,/home/rlack/Projects/physical-ai-dummy/physical-ai-dummy/data/so101_cube_xy_midpoint_test10_v2_clean
A,primary,mujoco_rollout_test05,0,2.71,350,episode_exhausted,False,0,False,False,True,0.0239,True,True,False,True,0.133,False,-0.2313,False,0.3264,False,False,False,False,False,False,False,False,False,115,235,0,False,1.285107420377588,11.390966567993164,wrong_direction,kinematic,policy_trajectory,4,/home/rlack/Projects/physical-ai-dummy/physical-ai-dummy/data/so101_cube_xy_midpoint_test10_v2_clean
A,primary,mujoco_rollout_test05,1,2.49,350,episode_exhausted,False,0,False,False,True,0.0242,True,True,False,True,0.155,False,-0.2369,False,0.3224,False,False,False,False,False,False,False,False,False,137,213,0,False,1.2622908822228986,12.838732748011985,wrong_direction,kinematic,policy_trajectory,4,/home/rlack/Projects/physical-ai-dummy/physical-ai-dummy/data/so101_cube_xy_midpoint_test10_v2_clean
A,primary,mujoco_rollout_test05,2,2.56,350,episode_exhausted,False,0,False,False,True,0.0241,True,True,False,True,0.1466,False,-0.2351,False,0.3206,False,False,False,False,False,False,False,False,False,143,207,0,False,1.3013926806457723,13.613056691294943,wrong_direction,kinematic,policy_trajectory,4,/home/rlack/Projects/physical-ai-dummy/physical-ai-dummy/data/so101_cube_xy_midpoint_test10_v2_clean
A,primary,mujoco_rollout_test06,0,2.73,350,episode_exhausted,False,0,False,False,True,0.0288,False,True,False,True,0.19,False,-0.2733,False,0.3168,False,False,False,False,False,False,False,False,False,95,255,0,False,1.2316982643482297,23.114869747161865,missed_grasp,kinematic,policy_trajectory,5,/home/rlack/Projects/physical-ai-dummy/physical-ai-dummy/data/so101_cube_xy_midpoint_test10_v2_clean
A,primary,mujoco_rollout_test06,1,2.54,350,episode_exhausted,False,0,False,False,True,0.0286,False,True,False,True,0.172,False,-0.2754,False,0.316,False,False,True,False,False,False,False,False,False,96,254,0,False,1.274378229046051,19.477734241485596,missed_grasp,kinematic,policy_trajectory,5,/home/rlack/Projects/physical-ai-dummy/physical-ai-dummy/data/so101_cube_xy_midpoint_test10_v2_clean
A,primary,mujoco_rollout_test06,2,2.52,350,episode_exhausted,False,0,False,False,True,0.0225,True,True,True,True,0.1841,False,-0.2757,False,0.317,False,False,True,False,False,False,False,False,False,85,265,0,False,1.1348842756205202,16.270581245422363,wrong_direction,kinematic,policy_trajectory,5,/home/rlack/Projects/physical-ai-dummy/physical-ai-dummy/data/so101_cube_xy_midpoint_test10_v2_clean
A,primary,mujoco_rollout_test07,0,2.6,350,episode_exhausted,False,0,False,False,False,0.1131,False,True,False,True,0.0988,False,-0.3415,False,0.2414,False,False,False,False,False,False,False,False,False,115,235,0,False,1.405087647871736,19.032496287908657,failed_approach,kinematic,timeout,6,/home/rlack/Projects/physical-ai-dummy/physical-ai-dummy/data/so101_cube_xy_midpoint_test10_v2_clean
A,primary,mujoco_rollout_test07,1,2.52,350,episode_exhausted,False,0,False,False,False,0.1063,False,True,False,True,0.0918,False,-0.3452,False,0.237,False,False,False,False,False,False,False,False,False,93,257,0,False,1.2958967224506217,15.59236839587652,failed_approach,kinematic,timeout,6,/home/rlack/Projects/physical-ai-dummy/physical-ai-dummy/data/so101_cube_xy_midpoint_test10_v2_clean
A,primary,mujoco_rollout_test07,2,2.52,350,episode_exhausted,False,0,False,False,False,0.1083,False,True,False,True,0.083,False,-0.3368,False,0.2535,True,False,False,False,False,False,False,False,False,114,236,0,False,1.2931326777020167,17.170902252197266,failed_approach,kinematic,timeout,6,/home/rlack/Projects/physical-ai-dummy/physical-ai-dummy/data/so101_cube_xy_midpoint_test10_v2_clean
A,primary,mujoco_rollout_test08,0,2.6,350,episode_exhausted,False,0,False,False,False,0.132,False,True,False,True,0.1813,False,-0.1975,False,0.3234,False,False,False,False,False,False,False,False,False,119,231,0,False,1.2209929404224027,21.735901018558934,failed_approach,kinematic,timeout,7,/home/rlack/Projects/physical-ai-dummy/physical-ai-dummy/data/so101_cube_xy_midpoint_test10_v2_clean
A,primary,mujoco_rollout_test08,1,2.66,350,episode_exhausted,False,0,False,False,False,0.1336,False,True,False,True,0.1795,False,-0.1927,False,0.3249,False,False,False,False,False,False,False,False,False,113,237,0,False,1.21814363591929,20.89938050475702,failed_approach,kinematic,timeout,7,/home/rlack/Projects/physical-ai-dummy/physical-ai-dummy/data/so101_cube_xy_midpoint_test10_v2_clean
A,primary,mujoco_rollout_test08,2,2.55,350,episode_exhausted,False,0,False,False,False,0.1335,False,True,False,True,0.1717,False,-0.1976,False,0.3262,False,False,False,False,False,False,False,False,False,116,234,0,False,1.28963667431819,16.35050855100053,failed_approach,kinematic,timeout,7,/home/rlack/Projects/physical-ai-dummy/physical-ai-dummy/data/so101_cube_xy_midpoint_test10_v2_clean
A,primary,mujoco_rollout_test09,0,2.5,350,episode_exhausted,False,0,False,False,False,0.1551,False,True,False,True,0.1795,False,-0.2614,False,0.3258,False,False,False,False,False,False,False,False,False,127,223,0,False,1.2879242105720417,24.363235473632812,failed_approach,kinematic,timeout,8,/home/rlack/Projects/physical-ai-dummy/physical-ai-dummy/data/so101_cube_xy_midpoint_test10_v2_clean
A,primary,mujoco_rollout_test09,1,2.34,350,episode_exhausted,False,0,False,False,False,0.1558,False,True,False,True,0.1716,False,-0.2612,False,0.3237,False,False,False,False,False,False,False,False,False,125,225,0,False,1.361632589413355,22.703369140625,failed_approach,kinematic,timeout,8,/home/rlack/Projects/physical-ai-dummy/physical-ai-dummy/data/so101_cube_xy_midpoint_test10_v2_clean
A,primary,mujoco_rollout_test09,2,2.5,350,episode_exhausted,False,0,False,False,False,0.1562,False,True,False,True,0.1742,False,-0.2474,False,0.3259,False,False,False,False,False,False,False,False,False,137,213,0,False,1.4064028962714554,17.15964126586914,failed_approach,kinematic,timeout,8,/home/rlack/Projects/physical-ai-dummy/physical-ai-dummy/data/so101_cube_xy_midpoint_test10_v2_clean
A,primary,mujoco_rollout_test10,0,2.05,238,safety_reject,True,0,False,False,False,0.2049,False,True,False,True,0.1731,False,-0.1078,False,0.2269,False,False,False,False,False,False,False,False,False,50,187,1,False,1.289703596096471,19.464988708496094,safety_reject,kinematic,safety_reject,9,/home/rlack/Projects/physical-ai-dummy/physical-ai-dummy/data/so101_cube_xy_midpoint_test10_v2_clean
A,primary,mujoco_rollout_test10,1,2.46,350,episode_exhausted,False,0,False,False,False,0.1335,False,True,False,True,0.1632,False,-0.3593,False,0.229,False,False,False,False,False,False,False,False,False,122,228,0,False,1.3925040501616581,21.0783067843117,failed_approach,kinematic,timeout,9,/home/rlack/Projects/physical-ai-dummy/physical-ai-dummy/data/so101_cube_xy_midpoint_test10_v2_clean
A,primary,mujoco_rollout_test10,2,2.46,350,episode_exhausted,False,0,False,False,False,0.1411,False,True,False,True,0.1738,False,-0.375,False,0.2312,False,False,False,False,False,False,False,False,False,116,234,0,False,1.3724804100930768,22.056096995492325,failed_approach,kinematic,timeout,9,/home/rlack/Projects/physical-ai-dummy/physical-ai-dummy/data/so101_cube_xy_midpoint_test10_v2_clean
A,secondary,mujoco_rollout_test01,0,114.21,400,max_steps_reached,False,0,False,False,False,0.0982,False,False,False,False,0.0,False,0.0,False,0.3282,False,False,False,False,False,False,False,False,False,66,334,0,False,0.9102506874878861,6.553703308105469,failed_approach,kinematic,timeout,,
A,secondary,mujoco_rollout_test01,1,101.85,400,max_steps_reached,False,0,False,False,False,0.1112,False,False,False,False,0.0,False,0.0,False,0.3282,False,False,False,False,False,False,False,False,False,116,284,0,False,0.9419566343371786,7.852992057800293,failed_approach,kinematic,timeout,,
A,secondary,mujoco_rollout_test01,2,99.42,400,max_steps_reached,False,0,False,False,False,0.1299,False,False,False,False,0.0,False,0.0,False,0.3282,False,False,False,False,False,False,False,False,False,164,236,0,False,0.8772171690887678,6.476459005976821,failed_approach,kinematic,timeout,,
A,secondary,mujoco_rollout_test02,0,99.13,400,max_steps_reached,False,0,False,False,False,0.0763,False,False,False,False,0.0,False,0.0,False,0.3256,False,False,False,False,False,False,False,False,False,37,363,0,False,0.8353871891027466,5.117212295532227,failed_approach,kinematic,timeout,,
A,secondary,mujoco_rollout_test02,1,100.82,400,max_steps_reached,False,0,False,False,False,0.0851,False,False,False,False,0.0,False,0.0,False,0.3256,False,False,False,False,False,False,False,False,False,138,262,0,False,0.9058935571643699,7.851275444030762,failed_approach,kinematic,timeout,,
A,secondary,mujoco_rollout_test02,2,99.27,400,max_steps_reached,False,0,False,False,False,0.1094,False,False,False,False,0.0,False,0.0,False,0.3256,False,False,False,False,False,False,False,False,False,214,186,0,False,0.8651774044814614,5.8544464111328125,failed_approach,kinematic,timeout,,
A,secondary,mujoco_rollout_test03,0,98.57,400,max_steps_reached,False,0,False,False,False,0.1301,False,False,False,False,0.0,False,0.0,False,0.3215,False,False,False,False,False,False,False,False,False,52,348,0,False,0.8639081289703454,6.264951705932617,failed_approach,kinematic,timeout,,
A,secondary,mujoco_rollout_test03,1,98.78,400,max_steps_reached,False,0,False,False,False,0.1276,False,False,False,False,0.0,False,0.0,False,0.3215,False,False,False,False,False,False,False,False,False,72,328,0,False,0.8920185354142387,6.965886395694035,failed_approach,kinematic,timeout,,
A,secondary,mujoco_rollout_test03,2,98.91,400,max_steps_reached,False,0,False,False,False,0.133,False,False,False,False,0.0,False,0.0,False,0.3215,False,False,False,False,False,False,False,False,False,102,298,0,False,0.8651722887168269,6.25075693149806,failed_approach,kinematic,timeout,,
A,secondary,mujoco_rollout_test04,0,98.77,400,max_steps_reached,False,0,False,False,True,0.0531,False,False,False,False,0.0,False,0.0,False,0.3206,False,False,False,False,False,False,False,False,False,50,350,0,False,0.8475940118521442,6.524225234985352,missed_grasp,kinematic,policy_trajectory,,
A,secondary,mujoco_rollout_test04,1,99.0,400,max_steps_reached,False,0,False,False,True,0.0539,False,False,False,False,0.0,False,0.0,False,0.3206,False,False,False,False,False,False,False,False,False,61,339,0,False,0.8741091312574056,5.961295127868652,missed_grasp,kinematic,policy_trajectory,,
A,secondary,mujoco_rollout_test04,2,98.94,400,max_steps_reached,False,0,False,False,True,0.0539,False,False,False,False,0.0,False,0.0,False,0.3206,False,False,False,False,False,False,False,False,False,114,286,0,False,0.8624342567919844,6.779504204170564,missed_grasp,kinematic,policy_trajectory,,
A,secondary,mujoco_rollout_test05,0,97.24,400,max_steps_reached,False,0,False,False,True,0.0234,True,False,False,False,0.0,False,0.0,False,0.3306,False,False,False,False,False,False,False,False,False,36,364,0,False,0.8372646187331383,5.54598331451416,missed_grasp,kinematic,policy_trajectory,,
A,secondary,mujoco_rollout_test05,1,96.2,400,max_steps_reached,False,0,False,False,True,0.0243,True,False,False,False,0.0,False,0.0,False,0.3306,False,False,False,False,False,False,False,False,False,39,361,0,False,0.9137979270525077,5.672264769177598,missed_grasp,kinematic,policy_trajectory,,
A,secondary,mujoco_rollout_test05,2,97.6,400,max_steps_reached,False,0,False,False,True,0.0239,True,False,False,False,0.0,False,0.0,False,0.33,False,False,False,False,False,False,False,False,False,160,240,0,False,0.8707105471797685,6.495847629555485,missed_grasp,kinematic,policy_trajectory,,
A,secondary,mujoco_rollout_test06,0,98.02,400,max_steps_reached,False,0,False,False,False,0.0782,False,False,False,False,0.0,False,0.0,False,0.3247,False,False,False,False,False,False,False,False,False,172,228,0,False,0.9150073020424061,5.237138748168945,failed_approach,kinematic,timeout,,
A,secondary,mujoco_rollout_test06,1,99.07,400,max_steps_reached,False,0,False,False,False,0.0779,False,False,False,False,0.0,False,0.0,False,0.3247,False,False,False,False,False,False,False,False,False,150,250,0,False,0.9222235891442432,6.855380058288574,failed_approach,kinematic,timeout,,
A,secondary,mujoco_rollout_test06,2,99.45,400,max_steps_reached,False,0,False,False,False,0.0782,False,False,False,False,0.0,False,0.0,False,0.3247,False,False,False,False,False,False,False,False,False,187,213,0,False,0.8535971132533876,6.453689200569542,failed_approach,kinematic,timeout,,
A,secondary,mujoco_rollout_test07,0,97.22,400,max_steps_reached,False,0,False,False,False,0.1431,False,True,False,True,0.0264,False,-0.0035,False,0.3288,False,False,False,False,False,False,False,False,False,59,341,0,False,0.838065033461759,4.760164260864258,failed_approach,kinematic,timeout,,
A,secondary,mujoco_rollout_test07,1,99.99,400,max_steps_reached,False,0,False,False,False,0.1431,False,True,False,False,0.0189,False,0.0,False,0.3289,False,False,False,False,False,False,False,False,False,67,333,0,False,0.9085902299542221,5.253904342651367,failed_approach,kinematic,timeout,,
A,secondary,mujoco_rollout_test07,2,96.83,400,max_steps_reached,False,0,False,False,False,0.1421,False,False,False,False,0.0,False,0.0,False,0.3282,False,False,False,False,False,False,False,False,False,215,185,0,False,0.8034094002115016,6.40323634726164,failed_approach,kinematic,timeout,,
A,secondary,mujoco_rollout_test08,0,98.83,400,max_steps_reached,False,0,False,False,False,0.1359,False,False,False,False,0.0,False,0.0,False,0.3276,False,False,False,False,False,False,False,False,False,71,329,0,False,0.848601402671995,5.374174118041992,failed_approach,kinematic,timeout,,
A,secondary,mujoco_rollout_test08,1,100.54,400,max_steps_reached,False,0,False,False,False,0.1359,False,True,False,True,0.033,False,-0.0073,False,0.3276,False,False,False,False,False,False,False,False,False,78,322,0,False,0.8801480061094454,6.0706377029418945,failed_approach,kinematic,timeout,,
A,secondary,mujoco_rollout_test08,2,100.15,400,max_steps_reached,False,0,False,False,False,0.1359,False,False,False,False,0.0,False,0.0,False,0.3276,False,False,False,False,False,False,False,False,False,236,164,0,False,0.87584371017779,6.377233731141928,failed_approach,kinematic,timeout,,
A,secondary,mujoco_rollout_test09,0,100.9,400,max_steps_reached,False,0,False,False,False,0.1589,False,False,False,False,0.0,False,0.0,False,0.3324,False,False,False,False,False,False,False,False,False,40,360,0,False,0.8351259169950932,4.74575138092041,failed_approach,kinematic,timeout,,
A,secondary,mujoco_rollout_test09,1,99.18,400,max_steps_reached,False,0,False,False,False,0.1589,False,False,False,False,0.0,False,0.0,False,0.3324,False,False,False,False,False,False,False,False,False,46,354,0,False,0.8676992116789892,5.973602294921875,failed_approach,kinematic,timeout,,
A,secondary,mujoco_rollout_test09,2,98.5,400,max_steps_reached,False,0,False,False,False,0.1589,False,False,False,False,0.0,False,0.0,False,0.3324,False,False,False,False,False,False,False,False,False,54,346,0,False,0.842823805814243,6.403738838942246,failed_approach,kinematic,timeout,,
A,secondary,mujoco_rollout_test10,0,98.27,400,max_steps_reached,False,0,False,False,True,0.0566,False,False,False,False,0.0,False,0.0,False,0.3269,False,False,False,False,False,False,False,False,False,82,318,0,False,0.8771410889787014,5.018178939819336,missed_grasp,kinematic,policy_trajectory,,
A,secondary,mujoco_rollout_test10,1,97.23,400,max_steps_reached,False,0,False,False,True,0.0461,False,False,False,False,0.0,False,0.0,False,0.3269,False,False,False,False,False,False,False,False,False,309,91,0,False,0.9399254242139964,6.337472915649414,missed_grasp,kinematic,policy_trajectory,,
A,secondary,mujoco_rollout_test10,2,99.35,400,max_steps_reached,False,0,False,False,False,0.0972,False,False,False,False,0.0,False,0.0,False,0.3269,False,False,False,False,False,False,False,False,False,314,86,0,False,0.9265053275090618,6.004606079534852,failed_approach,kinematic,timeout,,
B,primary,mujoco_rollout_test01,0,2.68,350,episode_exhausted,False,0,False,False,False,0.1364,False,False,False,False,0.0,False,0.0,False,0.3238,False,False,False,False,False,False,False,False,False,236,114,0,False,1.5350391643169141,25.30878875732422,failed_approach,kinematic,timeout,0,/home/rlack/Projects/physical-ai-dummy/physical-ai-dummy/data/so101_cube_xy_midpoint_test10_v2_clean
B,primary,mujoco_rollout_test01,1,2.58,350,episode_exhausted,False,0,False,False,False,0.1375,False,False,False,False,0.0,False,0.0,False,0.3261,False,False,False,False,False,False,False,False,False,229,121,0,False,1.4324082756983714,22.79883861541748,failed_approach,kinematic,timeout,0,/home/rlack/Projects/physical-ai-dummy/physical-ai-dummy/data/so101_cube_xy_midpoint_test10_v2_clean
B,primary,mujoco_rollout_test01,2,2.51,350,episode_exhausted,False,0,False,False,False,0.1322,False,False,False,False,0.0,False,0.0,False,0.3222,False,False,False,False,False,False,False,False,False,218,132,0,False,1.4732834205812535,22.68700454711914,failed_approach,kinematic,timeout,0,/home/rlack/Projects/physical-ai-dummy/physical-ai-dummy/data/so101_cube_xy_midpoint_test10_v2_clean
B,primary,mujoco_rollout_test02,0,2.51,350,episode_exhausted,False,0,False,False,False,0.1429,False,True,False,True,0.1722,False,-0.3237,False,0.2734,False,False,False,False,False,False,False,False,False,198,152,0,False,1.4537814796999424,28.40786878085234,failed_approach,kinematic,timeout,1,/home/rlack/Projects/physical-ai-dummy/physical-ai-dummy/data/so101_cube_xy_midpoint_test10_v2_clean
B,primary,mujoco_rollout_test02,1,2.79,350,episode_exhausted,False,0,False,False,False,0.1481,False,True,False,True,0.1902,False,-0.3048,False,0.2775,False,False,False,False,False,False,False,False,False,183,167,0,False,1.4769896149633666,24.924135208129883,failed_approach,kinematic,timeout,1,/home/rlack/Projects/physical-ai-dummy/physical-ai-dummy/data/so101_cube_xy_midpoint_test10_v2_clean
B,primary,mujoco_rollout_test02,2,2.66,350,episode_exhausted,False,0,False,False,False,0.1398,False,True,False,True,0.1701,False,-0.3369,False,0.2736,False,False,False,False,False,False,False,False,False,195,155,0,False,1.4211025720103432,19.978439982360975,failed_approach,kinematic,timeout,1,/home/rlack/Projects/physical-ai-dummy/physical-ai-dummy/data/so101_cube_xy_midpoint_test10_v2_clean
B,primary,mujoco_rollout_test03,0,2.64,350,episode_exhausted,False,0,False,False,True,0.0571,False,False,False,False,0.0,False,0.0,False,0.3161,False,False,False,False,False,False,False,False,False,188,162,0,False,1.4474872233608798,21.41642395019531,missed_grasp,kinematic,policy_trajectory,2,/home/rlack/Projects/physical-ai-dummy/physical-ai-dummy/data/so101_cube_xy_midpoint_test10_v2_clean
B,primary,mujoco_rollout_test03,1,2.59,350,episode_exhausted,False,0,False,False,False,0.0625,False,False,False,False,0.0,False,0.0,False,0.315,False,False,False,False,False,False,False,False,False,204,146,0,False,1.4229144722218439,19.837119102478027,failed_approach,kinematic,timeout,2,/home/rlack/Projects/physical-ai-dummy/physical-ai-dummy/data/so101_cube_xy_midpoint_test10_v2_clean
B,primary,mujoco_rollout_test03,2,2.69,350,episode_exhausted,False,0,False,False,True,0.059,False,True,False,True,0.1593,False,-0.2554,False,0.3163,False,False,False,False,False,False,False,False,False,201,149,0,False,1.446576223929163,22.255695343017578,missed_grasp,kinematic,policy_trajectory,2,/home/rlack/Projects/physical-ai-dummy/physical-ai-dummy/data/so101_cube_xy_midpoint_test10_v2_clean
B,primary,mujoco_rollout_test04,0,2.55,350,episode_exhausted,False,0,False,False,True,0.052,False,False,False,False,0.0,False,0.0,False,0.227,False,False,False,False,False,False,False,False,False,177,173,0,False,1.3917034185402677,27.95534324645996,missed_grasp,kinematic,policy_trajectory,3,/home/rlack/Projects/physical-ai-dummy/physical-ai-dummy/data/so101_cube_xy_midpoint_test10_v2_clean
B,primary,mujoco_rollout_test04,1,2.62,350,episode_exhausted,False,0,False,False,True,0.0537,False,False,False,False,0.0,False,0.0,False,0.2215,False,False,False,False,False,False,False,False,False,135,215,0,False,1.4003185265896891,29.192678451538086,missed_grasp,kinematic,policy_trajectory,3,/home/rlack/Projects/physical-ai-dummy/physical-ai-dummy/data/so101_cube_xy_midpoint_test10_v2_clean
B,primary,mujoco_rollout_test04,2,2.64,350,episode_exhausted,False,0,False,False,True,0.0528,False,True,False,True,0.1564,False,-0.3878,False,0.2276,False,False,False,False,False,False,False,False,False,151,199,0,False,1.439296413578806,25.737059593200684,missed_grasp,kinematic,policy_trajectory,3,/home/rlack/Projects/physical-ai-dummy/physical-ai-dummy/data/so101_cube_xy_midpoint_test10_v2_clean
B,primary,mujoco_rollout_test05,0,2.6,350,episode_exhausted,False,0,False,False,True,0.0232,True,True,False,True,0.1363,False,-0.243,False,0.3243,False,False,False,False,False,False,False,False,False,215,135,0,False,1.3856453519873184,20.21619987487793,wrong_direction,kinematic,policy_trajectory,4,/home/rlack/Projects/physical-ai-dummy/physical-ai-dummy/data/so101_cube_xy_midpoint_test10_v2_clean
B,primary,mujoco_rollout_test05,1,2.55,350,episode_exhausted,False,0,False,False,True,0.0243,True,True,False,True,0.1546,False,-0.2359,False,0.3195,False,False,False,False,False,False,False,False,False,209,141,0,False,1.396940869413994,20.69305419921875,wrong_direction,kinematic,policy_trajectory,4,/home/rlack/Projects/physical-ai-dummy/physical-ai-dummy/data/so101_cube_xy_midpoint_test10_v2_clean
B,primary,mujoco_rollout_test05,2,2.72,350,episode_exhausted,False,0,False,False,True,0.0244,True,True,False,True,0.1453,False,-0.2355,False,0.3207,False,False,False,False,False,False,False,False,False,208,142,0,False,1.4462266504224701,16.960278511047363,wrong_direction,kinematic,policy_trajectory,4,/home/rlack/Projects/physical-ai-dummy/physical-ai-dummy/data/so101_cube_xy_midpoint_test10_v2_clean
B,primary,mujoco_rollout_test06,0,2.74,350,episode_exhausted,False,0,False,False,True,0.019,True,True,True,True,0.1728,False,-0.2817,False,0.315,False,False,False,False,False,False,False,False,False,189,161,0,False,1.4208069274954795,27.32952880859375,wrong_direction,kinematic,policy_trajectory,5,/home/rlack/Projects/physical-ai-dummy/physical-ai-dummy/data/so101_cube_xy_midpoint_test10_v2_clean
B,primary,mujoco_rollout_test06,1,2.51,350,episode_exhausted,False,0,False,False,True,0.0214,True,True,True,True,0.1563,False,-0.2952,False,0.317,False,False,False,False,False,False,False,False,False,199,151,0,False,1.4736039236875975,20.256084899902344,wrong_direction,kinematic,policy_trajectory,5,/home/rlack/Projects/physical-ai-dummy/physical-ai-dummy/data/so101_cube_xy_midpoint_test10_v2_clean
B,primary,mujoco_rollout_test06,2,2.63,350,episode_exhausted,False,0,False,False,True,0.0158,True,True,True,True,0.1722,False,-0.293,False,0.3175,False,False,True,False,False,False,False,False,False,169,181,0,False,1.333808133664413,23.134063720703125,wrong_direction,kinematic,policy_trajectory,5,/home/rlack/Projects/physical-ai-dummy/physical-ai-dummy/data/so101_cube_xy_midpoint_test10_v2_clean
B,primary,mujoco_rollout_test07,0,2.55,350,episode_exhausted,False,0,False,False,False,0.1198,False,True,False,True,0.1434,False,-0.3403,False,0.2563,False,False,False,False,False,False,False,False,False,182,168,0,False,1.4763822745251773,13.530892372131348,failed_approach,kinematic,timeout,6,/home/rlack/Projects/physical-ai-dummy/physical-ai-dummy/data/so101_cube_xy_midpoint_test10_v2_clean
B,primary,mujoco_rollout_test07,1,2.69,350,episode_exhausted,False,0,False,False,False,0.1207,False,True,False,True,0.107,False,-0.3501,False,0.2483,False,False,False,False,False,False,False,False,False,193,157,0,False,1.3692494471638261,19.916508674621582,failed_approach,kinematic,timeout,6,/home/rlack/Projects/physical-ai-dummy/physical-ai-dummy/data/so101_cube_xy_midpoint_test10_v2_clean
B,primary,mujoco_rollout_test07,2,2.69,350,episode_exhausted,False,0,False,False,False,0.1178,False,True,False,True,0.1598,False,-0.3425,False,0.2605,False,False,False,False,False,False,False,False,False,167,183,0,False,1.3171327349179525,14.151763916015625,failed_approach,kinematic,timeout,6,/home/rlack/Projects/physical-ai-dummy/physical-ai-dummy/data/so101_cube_xy_midpoint_test10_v2_clean
B,primary,mujoco_rollout_test08,0,2.57,350,episode_exhausted,False,0,False,False,False,0.129,False,True,False,True,0.1715,False,-0.1997,False,0.3201,False,False,False,False,False,False,False,False,False,199,151,0,False,1.4129123951250493,20.737293237552496,failed_approach,kinematic,timeout,7,/home/rlack/Projects/physical-ai-dummy/physical-ai-dummy/data/so101_cube_xy_midpoint_test10_v2_clean
B,primary,mujoco_rollout_test08,1,2.6,350,episode_exhausted,False,0,False,False,False,0.1306,False,True,False,True,0.1703,False,-0.2009,False,0.3219,False,False,False,False,False,False,False,False,False,208,142,0,False,1.347233606493598,13.45328140258789,failed_approach,kinematic,timeout,7,/home/rlack/Projects/physical-ai-dummy/physical-ai-dummy/data/so101_cube_xy_midpoint_test10_v2_clean
B,primary,mujoco_rollout_test08,2,2.54,350,episode_exhausted,False,0,False,False,False,0.13,False,True,False,True,0.1604,False,-0.2025,False,0.3208,False,False,False,False,False,False,False,False,False,202,148,0,False,1.4653758469783296,16.73004913330078,failed_approach,kinematic,timeout,7,/home/rlack/Projects/physical-ai-dummy/physical-ai-dummy/data/so101_cube_xy_midpoint_test10_v2_clean
B,primary,mujoco_rollout_test09,0,2.58,350,episode_exhausted,False,0,False,False,False,0.1523,False,True,False,True,0.1794,False,-0.2721,False,0.3231,False,False,False,False,False,False,False,False,False,201,149,0,False,1.3415660998970782,19.146942138671875,failed_approach,kinematic,timeout,8,/home/rlack/Projects/physical-ai-dummy/physical-ai-dummy/data/so101_cube_xy_midpoint_test10_v2_clean
B,primary,mujoco_rollout_test09,1,2.57,350,episode_exhausted,False,0,False,False,False,0.152,False,True,False,True,0.1711,False,-0.2688,False,0.3212,False,False,False,False,False,False,False,False,False,212,138,0,False,1.4545337747230098,25.86754608154297,failed_approach,kinematic,timeout,8,/home/rlack/Projects/physical-ai-dummy/physical-ai-dummy/data/so101_cube_xy_midpoint_test10_v2_clean
B,primary,mujoco_rollout_test09,2,2.47,350,episode_exhausted,False,0,False,False,False,0.1558,False,True,False,True,0.171,False,-0.2629,False,0.3255,False,False,False,False,False,False,False,False,False,208,142,0,False,1.420460037360321,15.604747772216797,failed_approach,kinematic,timeout,8,/home/rlack/Projects/physical-ai-dummy/physical-ai-dummy/data/so101_cube_xy_midpoint_test10_v2_clean
B,primary,mujoco_rollout_test10,0,0.84,79,safety_reject,True,0,False,False,False,0.2003,False,False,False,False,0.0,False,0.0,False,0.2763,False,False,False,False,False,False,False,False,False,45,33,1,False,1.8486626826788723,26.076087951660156,safety_reject,kinematic,safety_reject,9,/home/rlack/Projects/physical-ai-dummy/physical-ai-dummy/data/so101_cube_xy_midpoint_test10_v2_clean
B,primary,mujoco_rollout_test10,1,2.53,350,episode_exhausted,False,0,False,False,False,0.1274,False,True,False,True,0.1502,False,-0.3604,False,0.2276,False,False,False,False,False,False,False,False,False,150,200,0,False,1.3045997015508846,17.396454031111347,failed_approach,kinematic,timeout,9,/home/rlack/Projects/physical-ai-dummy/physical-ai-dummy/data/so101_cube_xy_midpoint_test10_v2_clean
B,primary,mujoco_rollout_test10,2,2.51,350,episode_exhausted,False,0,False,False,False,0.1395,False,True,False,True,0.1579,False,-0.3771,False,0.2332,False,False,False,False,False,False,False,False,False,172,178,0,False,1.4044619801816267,19.369123117354924,failed_approach,kinematic,timeout,9,/home/rlack/Projects/physical-ai-dummy/physical-ai-dummy/data/so101_cube_xy_midpoint_test10_v2_clean
B,secondary,mujoco_rollout_test01,0,96.29,400,max_steps_reached,False,0,False,False,False,0.1201,False,True,False,True,0.0718,False,-0.1168,False,0.3231,False,False,False,False,False,False,False,False,False,353,47,0,False,0.9594533912525363,5.677392959594727,failed_approach,kinematic,timeout,,
B,secondary,mujoco_rollout_test01,1,98.01,400,max_steps_reached,False,0,False,False,False,0.1392,False,False,False,False,0.0,False,0.0,False,0.3175,False,False,False,False,False,False,False,False,False,326,74,0,False,0.9621661730982488,6.545070506571154,failed_approach,kinematic,timeout,,
B,secondary,mujoco_rollout_test01,2,97.88,400,max_steps_reached,False,0,False,False,False,0.1293,False,False,False,False,0.0,False,0.0,False,0.3212,False,False,False,False,False,False,False,False,False,341,59,0,False,0.921834038869708,5.776555022997755,failed_approach,kinematic,timeout,,
B,secondary,mujoco_rollout_test02,0,98.1,400,max_steps_reached,False,0,False,False,False,0.0688,False,False,False,False,0.0,False,0.0,False,0.3189,False,False,False,False,False,False,False,False,False,349,51,0,False,0.9435987261666295,5.956001281738281,failed_approach,kinematic,timeout,,
B,secondary,mujoco_rollout_test02,1,97.92,400,max_steps_reached,False,0,False,False,False,0.0811,False,False,False,False,0.0,False,0.0,False,0.3154,False,False,False,False,False,False,False,False,False,339,61,0,False,0.9634031436286011,5.251886367797852,failed_approach,kinematic,timeout,,
B,secondary,mujoco_rollout_test02,2,97.69,400,max_steps_reached,False,0,False,False,False,0.0841,False,False,False,False,0.0,False,0.0,False,0.3188,False,False,False,False,False,False,False,False,False,343,57,0,False,0.8925425694508821,6.026402596938837,failed_approach,kinematic,timeout,,
B,secondary,mujoco_rollout_test03,0,97.66,400,max_steps_reached,False,0,False,False,True,0.0327,False,False,False,False,0.0,False,0.0,False,0.315,False,False,False,False,False,False,False,False,False,342,58,0,False,0.9399081615310968,7.957400865282686,missed_grasp,kinematic,policy_trajectory,,
B,secondary,mujoco_rollout_test03,1,96.74,400,max_steps_reached,False,0,False,False,True,0.0455,False,False,False,False,0.0,False,0.0,False,0.3146,False,False,False,False,False,False,False,False,False,332,68,0,False,0.9456712410477349,6.894659042358398,missed_grasp,kinematic,policy_trajectory,,
B,secondary,mujoco_rollout_test03,2,96.97,400,max_steps_reached,False,0,False,False,False,0.0648,False,False,False,False,0.0,False,0.0,False,0.3151,False,False,False,False,False,False,False,False,False,342,58,0,False,0.8871791386349343,5.811648473191781,failed_approach,kinematic,timeout,,
B,secondary,mujoco_rollout_test04,0,97.01,400,max_steps_reached,False,0,False,False,True,0.0537,False,False,False,False,0.0,False,0.0,False,0.3142,False,False,False,False,False,False,False,False,False,354,46,0,False,0.9682019463085245,5.666107177734375,missed_grasp,kinematic,policy_trajectory,,
B,secondary,mujoco_rollout_test04,1,99.19,400,max_steps_reached,False,0,False,False,True,0.0532,False,False,False,False,0.0,False,0.0,False,0.3131,False,False,False,False,False,False,False,False,False,343,57,0,False,1.0190066970639375,5.462475802989292,missed_grasp,kinematic,policy_trajectory,,
B,secondary,mujoco_rollout_test04,2,99.84,400,max_steps_reached,False,0,False,False,True,0.0547,False,False,False,False,0.0,False,0.0,False,0.3136,False,False,False,False,False,False,False,False,False,339,61,0,False,0.9367248702106336,6.004045204907953,missed_grasp,kinematic,policy_trajectory,,
B,secondary,mujoco_rollout_test05,0,97.15,400,max_steps_reached,False,0,False,False,True,0.0239,True,False,False,False,0.0,False,0.0,False,0.3237,False,False,False,False,False,False,False,False,False,351,49,0,False,0.9959417916659075,5.467308044433594,missed_grasp,kinematic,policy_trajectory,,
B,secondary,mujoco_rollout_test05,1,96.84,400,max_steps_reached,False,0,False,False,True,0.0243,True,False,False,False,0.0,False,0.0,False,0.319,False,False,False,False,False,False,False,False,False,338,62,0,False,0.9780666405981979,5.397826251851711,missed_grasp,kinematic,policy_trajectory,,
B,secondary,mujoco_rollout_test05,2,97.53,400,max_steps_reached,False,0,False,False,True,0.0244,True,False,False,False,0.0,False,0.0,False,0.3232,False,False,False,False,False,False,False,False,False,335,65,0,False,0.932338411845738,6.04393868377457,missed_grasp,kinematic,policy_trajectory,,
B,secondary,mujoco_rollout_test06,0,96.84,400,max_steps_reached,False,0,False,False,False,0.0782,False,True,False,True,0.0709,False,-0.125,False,0.3178,False,False,False,False,False,False,False,False,False,345,55,0,False,0.9325515158880826,7.515547124396829,failed_approach,kinematic,timeout,,
B,secondary,mujoco_rollout_test06,1,97.65,400,max_steps_reached,False,0,False,False,False,0.0779,False,False,False,False,0.0,False,0.0,False,0.3143,False,False,False,False,False,False,False,False,False,344,56,0,False,0.9464297635990031,6.505191647940084,failed_approach,kinematic,timeout,,
B,secondary,mujoco_rollout_test06,2,99.2,400,max_steps_reached,False,0,False,False,False,0.0782,False,False,False,False,0.0,False,0.0,False,0.3177,False,False,False,False,False,False,False,False,False,340,60,0,False,0.8854958514253775,5.599125544882483,failed_approach,kinematic,timeout,,
B,secondary,mujoco_rollout_test07,0,97.07,400,max_steps_reached,False,0,False,False,False,0.1424,False,False,False,False,0.0,False,0.0,False,0.3214,False,False,False,False,False,False,False,False,False,270,130,0,False,0.9937257917841266,7.0994683904570905,failed_approach,kinematic,timeout,,
B,secondary,mujoco_rollout_test07,1,97.07,400,max_steps_reached,False,0,False,False,False,0.1421,False,False,False,False,0.0,False,0.0,False,0.3158,False,False,False,False,False,False,False,False,False,338,62,0,False,1.0108583035229946,6.003936767578125,failed_approach,kinematic,timeout,,
B,secondary,mujoco_rollout_test07,2,95.76,400,max_steps_reached,False,0,False,False,False,0.1379,False,False,False,False,0.0,False,0.0,False,0.3171,False,False,False,False,False,False,False,False,False,292,108,0,False,0.9634573923770754,6.906611945878311,failed_approach,kinematic,timeout,,
B,secondary,mujoco_rollout_test08,0,96.5,400,max_steps_reached,False,0,False,False,False,0.1357,False,False,False,False,0.0,False,0.0,False,0.3207,False,False,False,False,False,False,False,False,False,344,56,0,False,0.9785707067158387,5.8341484122475045,failed_approach,kinematic,timeout,,
B,secondary,mujoco_rollout_test08,1,96.0,400,max_steps_reached,False,0,False,False,False,0.1351,False,False,False,False,0.0,False,0.0,False,0.3164,False,False,False,False,False,False,False,False,False,335,65,0,False,0.9896296562699055,5.1450653076171875,failed_approach,kinematic,timeout,,
B,secondary,mujoco_rollout_test08,2,97.71,400,max_steps_reached,False,0,False,False,False,0.1315,False,False,False,False,0.0,False,0.0,False,0.32,False,False,False,False,False,False,False,False,False,343,57,0,False,0.9442762671402493,6.625354209500159,failed_approach,kinematic,timeout,,
B,secondary,mujoco_rollout_test09,0,98.79,400,max_steps_reached,False,0,False,False,False,0.156,False,False,False,False,0.0,False,0.0,False,0.3245,False,False,False,False,False,False,False,False,False,357,43,0,False,0.9768867495456879,5.931344985961914,failed_approach,kinematic,timeout,,
B,secondary,mujoco_rollout_test09,1,98.22,400,max_steps_reached,False,0,False,False,False,0.1558,False,False,False,False,0.0,False,0.0,False,0.3196,False,False,False,False,False,False,False,False,False,338,62,0,False,0.9707810030238989,5.477888810771184,failed_approach,kinematic,timeout,,
B,secondary,mujoco_rollout_test09,2,97.78,400,max_steps_reached,False,0,False,False,False,0.1543,False,False,False,False,0.0,False,0.0,False,0.3222,False,False,False,False,False,False,False,False,False,350,50,0,False,0.897169469229258,6.011624354848763,failed_approach,kinematic,timeout,,
B,secondary,mujoco_rollout_test10,0,97.89,400,max_steps_reached,False,0,False,False,False,0.0857,False,True,False,True,0.0774,False,-0.1301,False,0.3203,False,False,False,False,False,False,False,False,False,346,54,0,False,0.964813768151979,6.591120933041459,failed_approach,kinematic,timeout,,
B,secondary,mujoco_rollout_test10,1,97.3,400,max_steps_reached,False,0,False,False,False,0.0813,False,False,False,False,0.0,False,0.0,False,0.3161,False,False,False,False,False,False,False,False,False,323,77,0,False,0.9550227601223122,5.320084544708667,failed_approach,kinematic,timeout,,
B,secondary,mujoco_rollout_test10,2,97.57,400,max_steps_reached,False,0,False,False,False,0.0648,False,False,False,False,0.0,False,0.0,False,0.3201,False,False,False,False,False,False,False,False,False,321,79,0,False,0.9032682537334853,5.640594482421875,failed_approach,kinematic,timeout,,
