experiment,checkpoint_step,joint,delta_mean_deg,delta_std_deg,would_clamp_threshold_deg,clamp_rate,n_seeds,clamp_free_seed_count,l2_error_vs_gt_mean
A_v2_v3_uniform,2500,shoulder_pan,-4.864486063967695,2.2121389882928235,4.58,0.5,20,5,13.169631325915748
A_v2_v3_uniform,2500,shoulder_lift,-0.021445138113833195,7.781484962129642,5.16,0.55,20,5,13.169631325915748
A_v2_v3_uniform,2500,elbow_flex,1.6277961395599079,6.809303349701416,5.73,0.3,20,5,13.169631325915748
A_v2_v3_uniform,2500,wrist_flex,-2.0274729424780547,3.0313615981524165,4.01,0.25,20,5,13.169631325915748
A_v2_v3_uniform,2500,wrist_roll,0.4140732511059264,0.3294857563564884,1.15,0.05,20,5,13.169631325915748
A_v2_v3_uniform,2500,gripper,1.562281047302415,1.4020639723569266,9.17,0.0,20,5,13.169631325915748
A_v2_v3_uniform,5000,shoulder_pan,-2.5954894437894716,1.511605018008957,4.58,0.15,20,4,6.828855238347889
A_v2_v3_uniform,5000,shoulder_lift,5.263076727730893,4.128525858688536,5.16,0.45,20,4,6.828855238347889
A_v2_v3_uniform,5000,elbow_flex,-8.20830729977115,3.347225991067444,5.73,0.75,20,4,6.828855238347889
A_v2_v3_uniform,5000,wrist_flex,0.5189090079003634,1.5938879463896996,4.01,0.0,20,4,6.828855238347889
A_v2_v3_uniform,5000,wrist_roll,0.4266234859005431,0.22048314473108033,1.15,0.0,20,4,6.828855238347889
A_v2_v3_uniform,5000,gripper,0.3431612124025122,0.8522417607040715,9.17,0.0,20,4,6.828855238347889
A_v2_v3_uniform,7500,shoulder_pan,-0.2112710847959411,0.842475690996113,4.58,0.0,20,3,4.78002046581492
A_v2_v3_uniform,7500,shoulder_lift,4.512215750558042,3.024942198164449,5.16,0.35,20,3,4.78002046581492
A_v2_v3_uniform,7500,elbow_flex,-7.664412341275056,2.298314083597415,5.73,0.85,20,3,4.78002046581492
A_v2_v3_uniform,7500,wrist_flex,-0.704607456333035,1.0517631502119502,4.01,0.0,20,3,4.78002046581492
A_v2_v3_uniform,7500,wrist_roll,0.2318732007519225,0.14553147166548147,1.15,0.0,20,3,4.78002046581492
A_v2_v3_uniform,7500,gripper,0.2792016138612524,0.5908227281259589,9.17,0.0,20,3,4.78002046581492
A_v2_v3_uniform,10000,shoulder_pan,-0.4958320512876405,0.7645860803747021,4.58,0.0,20,5,4.1536061685141785
A_v2_v3_uniform,10000,shoulder_lift,3.830196326119565,2.7716309834165385,5.16,0.25,20,5,4.1536061685141785
A_v2_v3_uniform,10000,elbow_flex,-6.876480899014311,2.121249388030696,5.73,0.75,20,5,4.1536061685141785
A_v2_v3_uniform,10000,wrist_flex,-0.7285666161841092,1.0559216412149446,4.01,0.0,20,5,4.1536061685141785
A_v2_v3_uniform,10000,wrist_roll,0.21378817401089467,0.13142791763559808,1.15,0.0,20,5,4.1536061685141785
A_v2_v3_uniform,10000,gripper,-0.18843830923445057,0.5384754504579705,9.17,0.0,20,5,4.1536061685141785
B_v2_v3_reweight2_1,2500,shoulder_pan,-3.739084328661908,2.701150512155914,4.58,0.45,20,0,10.79258954366903
B_v2_v3_reweight2_1,2500,shoulder_lift,0.6054717472621434,6.609268798906424,5.16,0.4,20,0,10.79258954366903
B_v2_v3_reweight2_1,2500,elbow_flex,-8.92989467159732,5.481929781612213,5.73,0.75,20,0,10.79258954366903
B_v2_v3_reweight2_1,2500,wrist_flex,-0.7506447488135037,2.562148975919039,4.01,0.1,20,0,10.79258954366903
B_v2_v3_reweight2_1,2500,wrist_roll,0.4995534404293515,0.276564767128744,1.15,0.0,20,0,10.79258954366903
B_v2_v3_reweight2_1,2500,gripper,-0.8082159409940941,1.2930036829400806,9.17,0.0,20,0,10.79258954366903
B_v2_v3_reweight2_1,5000,shoulder_pan,1.2536866292848692,1.4271640969327446,4.58,0.0,20,6,5.635972109511743
B_v2_v3_reweight2_1,5000,shoulder_lift,5.2124446323939795,3.8134136887451917,5.16,0.4,20,6,5.635972109511743
B_v2_v3_reweight2_1,5000,elbow_flex,-6.286817584194975,3.2488874086874144,5.73,0.65,20,6,5.635972109511743
B_v2_v3_reweight2_1,5000,wrist_flex,-0.15332438290774206,1.5296992511654048,4.01,0.05,20,6,5.635972109511743
B_v2_v3_reweight2_1,5000,wrist_roll,0.4340412839428405,0.15427632778881914,1.15,0.0,20,6,5.635972109511743
B_v2_v3_reweight2_1,5000,gripper,1.2206874479829568,0.8062011228507486,9.17,0.0,20,6,5.635972109511743
B_v2_v3_reweight2_1,7500,shoulder_pan,-0.05596598530863641,0.9205249328658512,4.58,0.0,20,7,3.569023103017136
B_v2_v3_reweight2_1,7500,shoulder_lift,3.9329539707728856,2.5660877145888947,5.16,0.25,20,7,3.569023103017136
B_v2_v3_reweight2_1,7500,elbow_flex,-6.50255626217349,1.8257191365678973,5.73,0.65,20,7,3.569023103017136
B_v2_v3_reweight2_1,7500,wrist_flex,-0.22660757840334753,0.8817783200133078,4.01,0.0,20,7,3.569023103017136
B_v2_v3_reweight2_1,7500,wrist_roll,0.37493004641690053,0.11843063783341481,1.15,0.0,20,7,3.569023103017136
B_v2_v3_reweight2_1,7500,gripper,0.017363654571701748,0.41590330493487165,9.17,0.0,20,7,3.569023103017136
B_v2_v3_reweight2_1,10000,shoulder_pan,-0.3153107538328063,0.8219285896392317,4.58,0.0,20,8,3.3128641482859416
B_v2_v3_reweight2_1,10000,shoulder_lift,3.9601878574916354,2.57271491209972,5.16,0.25,20,8,3.3128641482859416
B_v2_v3_reweight2_1,10000,elbow_flex,-6.114929995693998,1.8393014401680103,5.73,0.6,20,8,3.3128641482859416
B_v2_v3_reweight2_1,10000,wrist_flex,-0.15142657101809362,0.8713274745562084,4.01,0.0,20,8,3.3128641482859416
B_v2_v3_reweight2_1,10000,wrist_roll,0.3234564765469054,0.11673636897474249,1.15,0.0,20,8,3.3128641482859416
B_v2_v3_reweight2_1,10000,gripper,-0.2625747571409448,0.42022144493346736,9.17,0.0,20,8,3.3128641482859416
C_v2_v3_reweight3_1,2500,shoulder_pan,-3.525744904528607,2.2440299646037776,4.58,0.35,20,0,10.154245700204182
C_v2_v3_reweight3_1,2500,shoulder_lift,7.211004202706479,5.962037176014583,5.16,0.65,20,0,10.154245700204182
C_v2_v3_reweight3_1,2500,elbow_flex,-10.3277531005524,4.8580388009668605,5.73,0.9,20,0,10.154245700204182
C_v2_v3_reweight3_1,2500,wrist_flex,-0.5532871896094023,1.882118315530145,4.01,0.05,20,0,10.154245700204182
C_v2_v3_reweight3_1,2500,wrist_roll,0.3808450683132628,0.25482268724495455,1.15,0.0,20,0,10.154245700204182
C_v2_v3_reweight3_1,2500,gripper,-0.24719165663130127,1.2345234656468977,9.17,0.0,20,0,10.154245700204182
C_v2_v3_reweight3_1,5000,shoulder_pan,-0.2823592081174744,1.631036605520042,4.58,0.0,20,11,7.3440012538331505
C_v2_v3_reweight3_1,5000,shoulder_lift,-0.15610357012066914,4.395045156712282,5.16,0.2,20,11,7.3440012538331505
C_v2_v3_reweight3_1,5000,elbow_flex,-3.498259005703764,3.4039652896313255,5.73,0.25,20,11,7.3440012538331505
C_v2_v3_reweight3_1,5000,wrist_flex,-3.0451826745337187,1.5134206777250387,4.01,0.25,20,11,7.3440012538331505
C_v2_v3_reweight3_1,5000,wrist_roll,0.026412509299896136,0.20202983926096382,1.15,0.0,20,11,7.3440012538331505
C_v2_v3_reweight3_1,5000,gripper,-0.6434128175199731,0.5393571604538171,9.17,0.0,20,11,7.3440012538331505
C_v2_v3_reweight3_1,7500,shoulder_pan,-1.2366918459043397,0.8185686624979289,4.58,0.0,20,3,4.9125534815700975
C_v2_v3_reweight3_1,7500,shoulder_lift,4.181858389718198,2.746062198051698,5.16,0.3,20,3,4.9125534815700975
C_v2_v3_reweight3_1,7500,elbow_flex,-7.951496539273103,1.9677344073074396,5.73,0.85,20,3,4.9125534815700975
C_v2_v3_reweight3_1,7500,wrist_flex,-0.8062807732886015,1.0431970980435699,4.01,0.0,20,3,4.9125534815700975
C_v2_v3_reweight3_1,7500,wrist_roll,0.28884425006069936,0.14894510423052204,1.15,0.0,20,3,4.9125534815700975
C_v2_v3_reweight3_1,7500,gripper,-0.07011922697431876,0.3330602645286202,9.17,0.0,20,3,4.9125534815700975
C_v2_v3_reweight3_1,10000,shoulder_pan,-0.39205521489237666,0.7744294021164645,4.58,0.0,20,6,3.666692475932198
C_v2_v3_reweight3_1,10000,shoulder_lift,3.3315230778285496,2.620165414785847,5.16,0.25,20,6,3.666692475932198
C_v2_v3_reweight3_1,10000,elbow_flex,-6.268790850796537,1.9632936364827926,5.73,0.7,20,6,3.666692475932198
C_v2_v3_reweight3_1,10000,wrist_flex,-0.2814808541601835,0.9627914070241195,4.01,0.0,20,6,3.666692475932198
C_v2_v3_reweight3_1,10000,wrist_roll,0.2694687112347106,0.13476311971734067,1.15,0.0,20,6,3.666692475932198
C_v2_v3_reweight3_1,10000,gripper,-0.5249837766111597,0.3151882870856364,9.17,0.0,20,6,3.666692475932198
D_v4_standalone,2500,shoulder_pan,-0.8051060094938173,2.0391736491416284,4.58,0.0,20,1,9.929214944959394
D_v4_standalone,2500,shoulder_lift,4.166448920113706,6.54860461391306,5.16,0.4,20,1,9.929214944959394
D_v4_standalone,2500,elbow_flex,-10.582519946255525,4.961923979187628,5.73,0.8,20,1,9.929214944959394
D_v4_standalone,2500,wrist_flex,-0.49540507138430456,2.2908800907652345,4.01,0.05,20,1,9.929214944959394
D_v4_standalone,2500,wrist_roll,1.192262540675781,1.1631421356403675,1.15,0.55,20,1,9.929214944959394
D_v4_standalone,2500,gripper,0.738561593490769,1.1591427494607538,9.17,0.0,20,1,9.929214944959394
D_v4_standalone,5000,shoulder_pan,-1.3578973188505068,1.1935997111850587,4.58,0.0,20,4,5.608483770482891
D_v4_standalone,5000,shoulder_lift,6.072150366646909,4.081755928397317,5.16,0.5,20,4,5.608483770482891
D_v4_standalone,5000,elbow_flex,-6.457749591030913,2.9124039883963126,5.73,0.65,20,4,5.608483770482891
D_v4_standalone,5000,wrist_flex,-2.182393901950711,1.2937295987036146,4.01,0.05,20,4,5.608483770482891
D_v4_standalone,5000,wrist_roll,0.18480772814907825,0.5525964603410314,1.15,0.05,20,4,5.608483770482891
D_v4_standalone,5000,gripper,0.4270273317872778,0.765964495636713,9.17,0.0,20,4,5.608483770482891
D_v4_standalone,7500,shoulder_pan,-0.37720898533915415,0.8895862428057416,4.58,0.0,20,6,4.4429131292010995
D_v4_standalone,7500,shoulder_lift,2.3812198093959323,2.990641958022713,5.16,0.2,20,6,4.4429131292010995
D_v4_standalone,7500,elbow_flex,-6.354528460659819,2.3656144083508344,5.73,0.65,20,6,4.4429131292010995
D_v4_standalone,7500,wrist_flex,-0.1884192162817655,0.7685086109502004,4.01,0.0,20,6,4.4429131292010995
D_v4_standalone,7500,wrist_roll,0.3892392619625548,0.3695684989951231,1.15,0.05,20,6,4.4429131292010995
D_v4_standalone,7500,gripper,0.007668410736252529,0.3776359081154002,9.17,0.0,20,6,4.4429131292010995
D_v4_standalone,10000,shoulder_pan,-0.5087901964292421,0.802768907346599,4.58,0.0,20,6,4.700740462113819
D_v4_standalone,10000,shoulder_lift,2.1332122257777684,2.8779069239075605,5.16,0.1,20,6,4.700740462113819
D_v4_standalone,10000,elbow_flex,-6.877414736904936,2.2184883948185523,5.73,0.7,20,6,4.700740462113819
D_v4_standalone,10000,wrist_flex,0.09641488253415247,0.7053574920337469,4.01,0.0,20,6,4.700740462113819
D_v4_standalone,10000,wrist_roll,0.18610675177731312,0.35115197541409904,1.15,0.0,20,6,4.700740462113819
D_v4_standalone,10000,gripper,0.23956285615556405,0.40038324575350537,9.17,0.0,20,6,4.700740462113819
E_v2_v3_reweight2_1_early,2500,shoulder_pan,-1.7164847746000185,2.5378267935593737,4.58,0.15,20,0,10.286455980087176
E_v2_v3_reweight2_1_early,2500,shoulder_lift,3.5491343906947606,5.702236587735559,5.16,0.35,20,0,10.286455980087176
E_v2_v3_reweight2_1_early,2500,elbow_flex,-11.44615672604068,5.38166895925135,5.73,0.9,20,0,10.286455980087176
E_v2_v3_reweight2_1_early,2500,wrist_flex,0.15064194857419153,2.144036802690271,4.01,0.05,20,0,10.286455980087176
E_v2_v3_reweight2_1_early,2500,wrist_roll,0.6283945783153989,0.2615286985321544,1.15,0.0,20,0,10.286455980087176
E_v2_v3_reweight2_1_early,2500,gripper,-0.6814263711393579,1.3027526253801296,9.17,0.0,20,0,10.286455980087176
E_v2_v3_reweight2_1_early,5000,shoulder_pan,0.8545302495851622,1.4357748649605795,4.58,0.0,20,6,5.226399218077536
E_v2_v3_reweight2_1_early,5000,shoulder_lift,3.942970221383237,3.614942361297426,5.16,0.35,20,6,5.226399218077536
E_v2_v3_reweight2_1_early,5000,elbow_flex,-6.046262393154936,3.3255179123842527,5.73,0.65,20,6,5.226399218077536
E_v2_v3_reweight2_1_early,5000,wrist_flex,-0.08613058865725379,1.4390839713547063,4.01,0.05,20,6,5.226399218077536
E_v2_v3_reweight2_1_early,5000,wrist_roll,0.4361367925182799,0.15713522006056524,1.15,0.0,20,6,5.226399218077536
E_v2_v3_reweight2_1_early,5000,gripper,0.8850418676912085,0.7356108075093741,9.17,0.0,20,6,5.226399218077536
E_v2_v3_reweight2_1_early,7500,shoulder_pan,-0.6174337282285585,0.951732830628436,4.58,0.0,20,7,3.9061089424096225
E_v2_v3_reweight2_1_early,7500,shoulder_lift,3.030772726876401,2.402980447778189,5.16,0.15,20,7,3.9061089424096225
E_v2_v3_reweight2_1_early,7500,elbow_flex,-6.674429736294584,1.9547157628443022,5.73,0.65,20,7,3.9061089424096225
E_v2_v3_reweight2_1_early,7500,wrist_flex,-0.0033104592627225316,0.8466907678650265,4.01,0.0,20,7,3.9061089424096225
E_v2_v3_reweight2_1_early,7500,wrist_roll,0.4116612657085875,0.12364045655460675,1.15,0.0,20,7,3.9061089424096225
E_v2_v3_reweight2_1_early,7500,gripper,0.28472839494340574,0.4411924899778488,9.17,0.0,20,7,3.9061089424096225
E_v2_v3_reweight2_1_early,10000,shoulder_pan,-0.8215594186887636,0.8503431619947956,4.58,0.0,20,7,3.542443576478449
E_v2_v3_reweight2_1_early,10000,shoulder_lift,3.8044856480189795,2.3101918331962197,5.16,0.25,20,7,3.542443576478449
E_v2_v3_reweight2_1_early,10000,elbow_flex,-6.610792575039701,1.890426311819736,5.73,0.65,20,7,3.542443576478449
E_v2_v3_reweight2_1_early,10000,wrist_flex,0.15513890444577355,0.8347934254247646,4.01,0.0,20,7,3.542443576478449
E_v2_v3_reweight2_1_early,10000,wrist_roll,0.3269206985012511,0.11805967901375522,1.15,0.0,20,7,3.542443576478449
E_v2_v3_reweight2_1_early,10000,gripper,-0.11720260481245352,0.43940315027663995,9.17,0.0,20,7,3.542443576478449
F_v3_v4_uniform_THIS,2500,shoulder_pan,-2.1666734590635195,2.36447732389654,4.58,0.1,20,3,9.697248820298608
F_v3_v4_uniform_THIS,2500,shoulder_lift,5.373432486397886,6.370141101083669,5.16,0.4,20,3,9.697248820298608
F_v3_v4_uniform_THIS,2500,elbow_flex,-5.515456423916655,5.052830053498069,5.73,0.5,20,3,9.697248820298608
F_v3_v4_uniform_THIS,2500,wrist_flex,-0.43981959164797646,2.172749724349278,4.01,0.05,20,3,9.697248820298608
F_v3_v4_uniform_THIS,2500,wrist_roll,0.5794845803753355,1.0995895034917753,1.15,0.4,20,3,9.697248820298608
F_v3_v4_uniform_THIS,2500,gripper,4.489458428817916,1.7061188999712016,9.17,0.0,20,3,9.697248820298608
F_v3_v4_uniform_THIS,5000,shoulder_pan,-0.9062543764219179,1.140050595533435,4.58,0.0,20,13,5.4099614322394505
F_v3_v4_uniform_THIS,5000,shoulder_lift,0.9697886875697606,3.528846135951896,5.16,0.1,20,13,5.4099614322394505
F_v3_v4_uniform_THIS,5000,elbow_flex,-4.048357806362944,2.8772335816201466,5.73,0.2,20,13,5.4099614322394505
F_v3_v4_uniform_THIS,5000,wrist_flex,-0.4212704354590116,1.0931714092641935,4.01,0.0,20,13,5.4099614322394505
F_v3_v4_uniform_THIS,5000,wrist_roll,0.35577325663723747,0.4455978006413265,1.15,0.05,20,13,5.4099614322394505
F_v3_v4_uniform_THIS,5000,gripper,1.430394183593919,0.712718242425679,9.17,0.0,20,13,5.4099614322394505
F_v3_v4_uniform_THIS,7500,shoulder_pan,1.6434680089845763,0.8470039950556019,4.58,0.0,20,12,5.180921912926766
F_v3_v4_uniform_THIS,7500,shoulder_lift,0.8837497166224949,3.207647492131091,5.16,0.1,20,12,5.180921912926766
F_v3_v4_uniform_THIS,7500,elbow_flex,-4.607999453701811,2.2732669798221874,5.73,0.35,20,12,5.180921912926766
F_v3_v4_uniform_THIS,7500,wrist_flex,-0.4852675134009061,0.7454860598177149,4.01,0.0,20,12,5.180921912926766
F_v3_v4_uniform_THIS,7500,wrist_roll,0.34774460635342397,0.30632325774869956,1.15,0.0,20,12,5.180921912926766
F_v3_v4_uniform_THIS,7500,gripper,0.15573264260881112,0.4243188255269911,9.17,0.0,20,12,5.180921912926766
F_v3_v4_uniform_THIS,10000,shoulder_pan,0.4190481290712464,0.7165598008255284,4.58,0.0,20,13,4.3815809661065845
F_v3_v4_uniform_THIS,10000,shoulder_lift,1.0511756352015964,2.828251384540657,5.16,0.1,20,13,4.3815809661065845
F_v3_v4_uniform_THIS,10000,elbow_flex,-4.5207615234039595,1.9616367068788325,5.73,0.3,20,13,4.3815809661065845
F_v3_v4_uniform_THIS,10000,wrist_flex,-0.5419026070898709,0.6552369489416787,4.01,0.0,20,13,4.3815809661065845
F_v3_v4_uniform_THIS,10000,wrist_roll,0.0751346810833434,0.3091072132045554,1.15,0.0,20,13,4.3815809661065845
F_v3_v4_uniform_THIS,10000,gripper,0.7612217535554663,0.4263629511248885,9.17,0.0,20,13,4.3815809661065845
