scene,synthetic_single_clamp_free,actual_single_clamp_free,diff_single_clamp_free,synthetic_resample5_clamp_free,actual_resample5_clamp_free,diff_resample5_clamp_free,synthetic_shoulder_lift_clamp_rate,actual_shoulder_lift_clamp_rate,diff_shoulder_lift_clamp_rate,synthetic_elbow_flex_clamp_rate,actual_elbow_flex_clamp_rate,diff_elbow_flex_clamp_rate,synthetic_gt_l2,actual_gt_l2,diff_gt_l2
T02,0.55,0.2,-0.35,0.9921,0.7244,-0.2678,0.45,0.5,0.05,0.05,0.7,0.65,5.9392,4.2523,-1.6869
T03,0.55,0.15,-0.4,0.9921,0.6035,-0.3887,0.45,0.55,0.1,0.15,0.75,0.6,6.4853,4.7931,-1.6922
T04,0.45,0.25,-0.2,0.9701,0.8095,-0.1606,0.5,0.45,-0.05,0.3,0.7,0.4,6.8526,4.2735,-2.579
T05,0.55,0.1,-0.45,0.9921,0.4506,-0.5415,0.45,0.65,0.2,0.1,0.75,0.65,6.6797,4.7728,-1.9069
T06,0.45,0.2,-0.25,0.9712,0.7192,-0.252,0.55,0.5,-0.05,0.1,0.75,0.65,6.6026,4.5737,-2.0289
T07,0.2,0.2,0.0,0.7247,0.7192,-0.0055,0.75,0.45,-0.3,0.3,0.75,0.45,7.9874,4.4599,-3.5274
T08,0.15,0.2,0.05,0.6071,0.7192,0.1121,0.85,0.45,-0.4,0.3,0.75,0.45,8.5018,4.1785,-4.3233
T09,0.3,0.45,0.15,0.8728,0.9708,0.098,0.7,0.35,-0.35,0.2,0.55,0.35,7.2421,4.0093,-3.2328
T10,0.55,0.1,-0.45,0.9921,0.4506,-0.5415,0.45,0.7,0.25,0.1,0.75,0.65,6.2654,4.6112,-1.6543
