dataset,episode,joint,n_static_frames,chunk0_abs_delta_mean_deg,chunk_mean_abs_delta_mean_deg,chunk_max_abs_delta_mean_deg,frac_static_frames_chunk_mean_exceeds_would_clamp
v2_clean,0,shoulder_lift,23,0.6230,17.6498,41.4716,1.0000
v2_clean,0,elbow_flex,23,2.0354,16.4324,44.1644,1.0000
v2_clean,1,shoulder_lift,34,0.5404,17.5480,42.9373,1.0000
v2_clean,1,elbow_flex,34,2.1461,15.1413,38.8442,0.9412
v2_clean,2,shoulder_lift,29,0.3274,21.1432,49.5733,1.0000
v2_clean,2,elbow_flex,29,2.3115,21.4689,51.7514,1.0000
v2_clean,3,shoulder_lift,25,0.5415,23.9160,54.1327,1.0000
v2_clean,3,elbow_flex,25,2.2136,24.0210,57.5912,1.0000
v2_clean,4,shoulder_lift,28,0.6342,27.5796,65.1020,1.0000
v2_clean,4,elbow_flex,28,2.1821,23.6265,58.4929,1.0000
v2_clean,5,shoulder_lift,23,0.5466,20.5302,48.4472,1.0000
v2_clean,5,elbow_flex,23,2.0277,21.9433,55.8414,1.0000
v2_clean,6,shoulder_lift,24,0.4908,24.4194,54.6484,1.0000
v2_clean,6,elbow_flex,24,2.3663,26.1687,61.5238,1.0000
v2_clean,7,shoulder_lift,31,0.6693,19.7359,48.9160,1.0000
v2_clean,7,elbow_flex,31,2.1056,19.9718,51.1521,1.0000
v2_clean,8,shoulder_lift,25,0.6822,20.0140,49.2237,1.0000
v2_clean,8,elbow_flex,25,2.1574,17.8421,49.6404,1.0000
v2_clean,9,shoulder_lift,25,0.8264,24.5631,61.2958,1.0000
v2_clean,9,elbow_flex,25,2.3684,22.4234,59.4127,1.0000
v2_clean,10,shoulder_lift,32,0.5220,20.5759,52.4066,1.0000
v2_clean,10,elbow_flex,32,2.2445,17.8066,46.1401,1.0000
v2_clean,11,shoulder_lift,29,0.5881,21.2623,51.9166,1.0000
v2_clean,11,elbow_flex,29,2.1963,21.6765,56.5017,1.0000
v2_clean,12,shoulder_lift,30,0.4806,21.1125,51.1267,1.0000
v2_clean,12,elbow_flex,30,1.9985,22.6613,58.5641,1.0000
v2_clean,13,shoulder_lift,34,0.5507,15.2466,40.4008,0.9118
v2_clean,13,elbow_flex,34,2.1564,17.2207,46.6580,0.9706
v2_clean,14,shoulder_lift,25,0.4185,16.4239,48.5029,1.0000
v2_clean,14,elbow_flex,25,2.3156,20.9514,56.5292,1.0000
v2_clean,15,shoulder_lift,29,0.5760,15.5667,39.5028,1.0000
v2_clean,15,elbow_flex,29,2.5479,16.8945,43.3695,1.0000
v2_clean,16,shoulder_lift,29,0.6639,18.6941,43.3558,1.0000
v2_clean,16,elbow_flex,29,2.3630,18.3208,45.1004,1.0000
v2_clean,17,shoulder_lift,24,0.7656,19.3916,45.3773,1.0000
v2_clean,17,elbow_flex,24,2.3150,16.9613,43.2527,1.0000
v2_clean,18,shoulder_lift,24,0.5348,21.3659,49.3736,1.0000
v2_clean,18,elbow_flex,24,0.8095,20.4927,51.2234,1.0000
v2_clean,19,shoulder_lift,26,0.6661,21.1775,52.7270,1.0000
v2_clean,19,elbow_flex,26,2.1437,20.0933,51.5909,1.0000
v2_clean,20,shoulder_lift,24,0.5165,18.4319,43.6703,1.0000
v2_clean,20,elbow_flex,24,2.6923,22.2640,53.1282,1.0000
v2_clean,21,shoulder_lift,20,0.6857,21.7473,47.6044,1.0000
v2_clean,21,elbow_flex,20,2.7780,25.3182,56.8615,1.0000
v2_clean,22,shoulder_lift,24,0.8205,24.7679,55.0916,1.0000
v2_clean,22,elbow_flex,24,2.7216,25.4384,59.8022,1.0000
v2_clean,23,shoulder_lift,26,0.5917,20.3550,48.9941,1.0000
v2_clean,23,elbow_flex,26,2.3094,20.9860,50.5156,1.0000
v2_clean,24,shoulder_lift,15,1.0784,27.9332,59.0007,1.0000
v2_clean,24,elbow_flex,15,2.6872,26.1311,61.7524,1.0000
v2_clean,25,shoulder_lift,20,0.7604,20.2820,46.1890,1.0000
v2_clean,25,elbow_flex,20,1.6527,23.2361,56.4615,1.0000
v2_clean,26,shoulder_lift,23,0.5275,22.0931,50.5953,1.0000
v2_clean,26,elbow_flex,23,2.7386,26.5515,62.8858,1.0000
v2_clean,27,shoulder_lift,19,0.7958,23.7929,50.0451,1.0000
v2_clean,27,elbow_flex,19,2.3250,24.3875,58.7924,1.0000
v2_clean,28,shoulder_lift,17,0.7292,23.3093,49.3859,1.0000
v2_clean,28,elbow_flex,17,2.5314,26.6236,57.7298,1.0000
v2_clean,29,shoulder_lift,26,0.5309,19.6008,47.4117,1.0000
v2_clean,29,elbow_flex,26,2.2147,21.0622,52.8622,1.0000
v2_clean,30,shoulder_lift,20,0.6637,18.2963,43.5209,1.0000
v2_clean,30,elbow_flex,20,2.4835,20.9534,49.0813,1.0000
v2_clean,31,shoulder_lift,26,0.3381,15.0432,40.0101,1.0000
v2_clean,31,elbow_flex,26,2.1471,19.6546,49.2172,1.0000
v2_clean,32,shoulder_lift,20,0.7692,20.8768,46.7121,1.0000
v2_clean,32,elbow_flex,20,2.2286,20.4156,48.5319,1.0000
v2_clean,33,shoulder_lift,24,0.7949,19.6341,42.5055,1.0000
v2_clean,33,elbow_flex,24,2.2967,18.5204,46.7839,1.0000
v2_clean,34,shoulder_lift,22,0.7672,21.4814,44.4955,1.0000
v2_clean,34,elbow_flex,22,2.1499,21.6510,51.1369,1.0000
v3_start_coverage,0,shoulder_lift,35,0.6053,13.1245,34.0496,0.8571
v3_start_coverage,0,elbow_flex,35,2.2845,9.9133,23.9987,0.7429
v3_start_coverage,1,shoulder_lift,40,0.5560,13.0462,34.2813,0.7750
v3_start_coverage,1,elbow_flex,40,1.7473,10.6430,27.2879,0.7000
v3_start_coverage,2,shoulder_lift,55,0.5866,10.1202,28.0184,0.5636
v3_start_coverage,2,elbow_flex,55,2.0004,7.6672,19.7363,0.4909
v3_start_coverage,3,shoulder_lift,28,0.6248,11.7430,31.3783,0.9286
v3_start_coverage,3,elbow_flex,28,2.3234,15.7991,37.3061,1.0000
v3_start_coverage,4,shoulder_lift,82,0.4867,5.3760,14.6213,0.3415
v3_start_coverage,4,elbow_flex,82,1.9137,5.2146,12.6229,0.2927
v3_start_coverage,5,shoulder_lift,25,0.8440,16.0904,40.0422,1.0000
v3_start_coverage,5,elbow_flex,25,2.2347,15.1590,34.6883,1.0000
v3_start_coverage,6,shoulder_lift,23,0.4396,9.0864,31.8700,0.7391
v3_start_coverage,6,elbow_flex,23,2.1997,13.3106,32.6288,1.0000
v3_start_coverage,7,shoulder_lift,64,0.4959,7.6956,21.4588,0.4688
v3_start_coverage,7,elbow_flex,64,1.8695,8.1025,20.5398,0.4688
v3_start_coverage,8,shoulder_lift,27,0.7326,12.6108,33.1070,0.9630
v3_start_coverage,8,elbow_flex,27,2.0627,8.7841,22.8295,0.7407
v3_start_coverage,9,shoulder_lift,82,0.5875,5.6964,15.1059,0.3659
v3_start_coverage,9,elbow_flex,82,1.8955,6.3590,14.8990,0.3659
v3_start_coverage,10,shoulder_lift,39,0.8340,13.3460,33.5148,0.8205
v3_start_coverage,10,elbow_flex,39,2.4131,10.6608,25.4280,0.7692
v3_start_coverage,11,shoulder_lift,27,0.7066,13.4048,33.5824,1.0000
v3_start_coverage,11,elbow_flex,27,2.2743,14.8743,35.4302,1.0000
v3_start_coverage,12,shoulder_lift,58,0.4123,8.3155,23.4164,0.5000
v3_start_coverage,12,elbow_flex,58,2.1069,7.4979,18.3873,0.4828
v3_start_coverage,13,shoulder_lift,28,0.5589,15.6398,37.2747,1.0000
v3_start_coverage,13,elbow_flex,28,2.3203,15.7380,37.2433,1.0000
v3_start_coverage,14,shoulder_lift,73,0.6792,7.2554,19.3708,0.4247
v3_start_coverage,14,elbow_flex,73,2.5067,7.4021,16.8231,0.4384
v3_start_coverage,15,shoulder_lift,69,0.3848,5.8589,15.9261,0.3913
v3_start_coverage,15,elbow_flex,69,2.2328,6.6146,15.2642,0.4058
v3_start_coverage,16,shoulder_lift,25,0.7420,14.1539,33.9798,1.0000
v3_start_coverage,16,elbow_flex,25,1.9710,11.8622,28.4993,1.0000
v3_start_coverage,17,shoulder_lift,20,0.8000,16.8914,39.0769,1.0000
v3_start_coverage,17,elbow_flex,20,1.8506,12.2074,30.4615,1.0000
v3_start_coverage,18,shoulder_lift,68,0.5818,7.1091,18.1939,0.4559
v3_start_coverage,18,elbow_flex,68,2.0026,8.5591,19.8242,0.4853
v3_start_coverage,19,shoulder_lift,38,0.5876,12.0853,31.7016,0.7895
v3_start_coverage,19,elbow_flex,38,2.5633,15.6170,36.3239,0.9211
v3_start_coverage,20,shoulder_lift,69,0.5249,8.8025,24.0548,0.4783
v3_start_coverage,20,elbow_flex,69,1.5907,8.1474,20.9836,0.4493
v3_start_coverage,21,shoulder_lift,21,0.6405,15.4899,36.1654,1.0000
v3_start_coverage,21,elbow_flex,21,1.7771,19.0976,44.7787,1.0000
v3_start_coverage,22,shoulder_lift,32,0.4753,10.5881,33.5632,0.7500
v3_start_coverage,22,elbow_flex,32,2.2225,13.3111,33.9451,0.9062
v3_start_coverage,23,shoulder_lift,52,0.2705,9.6874,27.2663,0.5962
v3_start_coverage,23,elbow_flex,52,2.4886,12.7967,32.5765,0.6731
v3_start_coverage,24,shoulder_lift,18,0.7863,18.6179,43.0281,1.0000
v3_start_coverage,24,elbow_flex,18,2.1880,19.4049,43.5067,1.0000
v3_start_coverage,25,shoulder_lift,77,0.5012,4.9775,13.9735,0.3377
v3_start_coverage,25,elbow_flex,77,1.8056,7.5843,18.8138,0.4026
v3_start_coverage,26,shoulder_lift,50,0.3288,11.6223,31.8541,0.6400
v3_start_coverage,26,elbow_flex,50,2.2154,13.3214,33.7336,0.7000
v3_start_coverage,27,shoulder_lift,18,0.7570,15.0486,31.9853,1.0000
v3_start_coverage,27,elbow_flex,18,2.5299,19.6437,41.0989,1.0000
v3_start_coverage,28,shoulder_lift,50,0.4800,10.3188,26.9697,0.6400
v3_start_coverage,28,elbow_flex,50,2.1574,9.1714,23.8154,0.5600
v3_start_coverage,29,shoulder_lift,35,0.5074,5.8895,21.1617,0.4857
v3_start_coverage,29,elbow_flex,35,1.8575,11.6661,32.5790,0.7714
