dataset_a,episode_a,frame_a,dataset_b,episode_b,frame_b,state_l2_dist_deg,shoulder_lift_action_delta_a,shoulder_lift_action_delta_b,shoulder_lift_diff_deg,elbow_flex_action_delta_a,elbow_flex_action_delta_b,elbow_flex_diff_deg,max_key_joint_diff_deg
v2_clean,18,0,v2_clean,22,23,2.1905,0.0879,4.6593,4.5714,-0.3077,-6.0220,5.7143,5.7143
v2_clean,18,1,v2_clean,22,23,2.1905,0.0879,4.6593,4.5714,-0.3077,-6.0220,5.7143,5.7143
v2_clean,18,2,v2_clean,22,23,2.1905,0.0879,4.6593,4.5714,-0.3077,-6.0220,5.7143,5.7143
v2_clean,18,3,v2_clean,22,23,2.1905,0.0879,4.6593,4.5714,-0.3077,-6.0220,5.7143,5.7143
v2_clean,18,4,v2_clean,22,23,2.1905,0.0879,4.6593,4.5714,-0.3077,-6.0220,5.7143,5.7143
v2_clean,18,5,v2_clean,22,23,2.1905,0.0879,4.6593,4.5714,-0.3077,-6.0220,5.7143,5.7143
v2_clean,18,6,v2_clean,22,23,2.1905,0.0879,4.6593,4.5714,-0.3077,-6.0220,5.7143,5.7143
v2_clean,18,7,v2_clean,22,23,2.1905,0.0879,4.6593,4.5714,-0.3077,-6.0220,5.7143,5.7143
v2_clean,18,8,v2_clean,22,23,2.1905,0.0879,4.6593,4.5714,-0.3956,-6.0220,5.6264,5.6264
v2_clean,18,9,v2_clean,22,23,2.1905,0.1758,4.6593,4.4835,-0.3956,-6.0220,5.6264,5.6264
v2_clean,18,10,v2_clean,22,23,2.1905,0.3516,4.6593,4.3077,-0.3956,-6.0220,5.6264,5.6264
v2_clean,18,11,v2_clean,22,23,2.1905,0.5275,4.6593,4.1319,-0.4835,-6.0220,5.5385,5.5385
v2_clean,18,12,v2_clean,22,23,2.1905,0.6154,4.6593,4.0440,-0.7473,-6.0220,5.2747,5.2747
v2_clean,9,0,v2_clean,22,23,2.4496,-0.5275,4.6593,5.1868,-2.0659,-6.0220,3.9560,5.1868
v2_clean,9,1,v2_clean,22,23,2.4496,-0.5275,4.6593,5.1868,-2.0659,-6.0220,3.9560,5.1868
v2_clean,9,2,v2_clean,22,23,2.4496,-0.5275,4.6593,5.1868,-2.0659,-6.0220,3.9560,5.1868
v2_clean,9,3,v2_clean,22,23,2.4496,-0.5275,4.6593,5.1868,-2.0659,-6.0220,3.9560,5.1868
v2_clean,9,4,v2_clean,22,23,2.4496,-0.5275,4.6593,5.1868,-2.0659,-6.0220,3.9560,5.1868
v2_clean,9,5,v2_clean,22,23,2.4496,-0.5275,4.6593,5.1868,-2.0659,-6.0220,3.9560,5.1868
v2_clean,9,6,v2_clean,22,23,2.4496,-0.5275,4.6593,5.1868,-2.0659,-6.0220,3.9560,5.1868
v2_clean,9,7,v2_clean,22,23,2.4496,-0.5275,4.6593,5.1868,-2.0659,-6.0220,3.9560,5.1868
v2_clean,9,8,v2_clean,22,23,2.4496,-0.5275,4.6593,5.1868,-2.0659,-6.0220,3.9560,5.1868
v2_clean,9,9,v2_clean,22,23,2.4496,-0.5275,4.6593,5.1868,-2.0659,-6.0220,3.9560,5.1868
v2_clean,9,10,v2_clean,22,23,2.4496,-0.5275,4.6593,5.1868,-2.0659,-6.0220,3.9560,5.1868
v2_clean,9,11,v2_clean,22,23,2.4496,-0.5275,4.6593,5.1868,-2.0659,-6.0220,3.9560,5.1868
v2_clean,9,12,v2_clean,22,23,2.4496,-0.5275,4.6593,5.1868,-2.0659,-6.0220,3.9560,5.1868
v2_clean,9,13,v2_clean,22,23,2.4496,-0.5275,4.6593,5.1868,-2.0659,-6.0220,3.9560,5.1868
v2_clean,16,0,v2_clean,22,23,1.4761,-0.5275,4.6593,5.1868,-2.0659,-6.0220,3.9560,5.1868
v2_clean,16,1,v2_clean,22,23,1.4761,-0.5275,4.6593,5.1868,-2.0659,-6.0220,3.9560,5.1868
v2_clean,16,2,v2_clean,22,23,1.4761,-0.5275,4.6593,5.1868,-2.0659,-6.0220,3.9560,5.1868
v2_clean,16,3,v2_clean,22,23,1.4761,-0.5275,4.6593,5.1868,-2.0659,-6.0220,3.9560,5.1868
v2_clean,16,4,v2_clean,22,23,1.4761,-0.5275,4.6593,5.1868,-2.0659,-6.0220,3.9560,5.1868
v2_clean,16,5,v2_clean,22,23,1.4761,-0.5275,4.6593,5.1868,-2.0659,-6.0220,3.9560,5.1868
v2_clean,16,6,v2_clean,22,23,1.4761,-0.5275,4.6593,5.1868,-2.0659,-6.0220,3.9560,5.1868
v2_clean,16,7,v2_clean,22,23,1.4761,-0.5275,4.6593,5.1868,-2.0659,-6.0220,3.9560,5.1868
v2_clean,16,8,v2_clean,22,23,1.4761,-0.5275,4.6593,5.1868,-2.1538,-6.0220,3.8681,5.1868
v2_clean,20,0,v2_clean,22,23,2.5106,-0.5275,4.6593,5.1868,-2.2418,-6.0220,3.7802,5.1868
v2_clean,20,1,v2_clean,22,23,2.5106,-0.5275,4.6593,5.1868,-2.2418,-6.0220,3.7802,5.1868
v2_clean,20,2,v2_clean,22,23,2.5106,-0.5275,4.6593,5.1868,-2.2418,-6.0220,3.7802,5.1868
v2_clean,20,3,v2_clean,22,23,2.5106,-0.5275,4.6593,5.1868,-2.2418,-6.0220,3.7802,5.1868
v2_clean,20,4,v2_clean,22,23,2.5106,-0.5275,4.6593,5.1868,-2.2418,-6.0220,3.7802,5.1868
v2_clean,20,5,v2_clean,22,23,2.5106,-0.5275,4.6593,5.1868,-2.2418,-6.0220,3.7802,5.1868
v2_clean,20,6,v2_clean,22,23,2.5106,-0.5275,4.6593,5.1868,-2.2418,-6.0220,3.7802,5.1868
v2_clean,20,7,v2_clean,22,23,2.5106,-0.5275,4.6593,5.1868,-2.2418,-6.0220,3.7802,5.1868
v2_clean,21,0,v2_clean,22,23,1.8885,-0.5275,4.6593,5.1868,-2.2418,-6.0220,3.7802,5.1868
v2_clean,21,1,v2_clean,22,23,1.8885,-0.5275,4.6593,5.1868,-2.2418,-6.0220,3.7802,5.1868
v2_clean,21,2,v2_clean,22,23,1.8885,-0.5275,4.6593,5.1868,-2.2418,-6.0220,3.7802,5.1868
v2_clean,9,14,v2_clean,22,23,2.4496,-0.4396,4.6593,5.0989,-2.0659,-6.0220,3.9560,5.0989
v2_clean,9,15,v2_clean,22,23,2.4496,-0.4396,4.6593,5.0989,-2.2418,-6.0220,3.7802,5.0989
v2_clean,15,0,v2_clean,22,23,2.2463,-0.4396,4.6593,5.0989,-2.2418,-6.0220,3.7802,5.0989
v2_clean,15,1,v2_clean,22,23,2.2463,-0.4396,4.6593,5.0989,-2.2418,-6.0220,3.7802,5.0989
v2_clean,15,2,v2_clean,22,23,2.2463,-0.4396,4.6593,5.0989,-2.2418,-6.0220,3.7802,5.0989
v2_clean,15,3,v2_clean,22,23,2.2463,-0.4396,4.6593,5.0989,-2.2418,-6.0220,3.7802,5.0989
v2_clean,15,4,v2_clean,22,23,2.2463,-0.4396,4.6593,5.0989,-2.2418,-6.0220,3.7802,5.0989
v2_clean,15,5,v2_clean,22,23,2.2463,-0.4396,4.6593,5.0989,-2.2418,-6.0220,3.7802,5.0989
v2_clean,15,6,v2_clean,22,23,2.2463,-0.4396,4.6593,5.0989,-2.2418,-6.0220,3.7802,5.0989
v2_clean,15,7,v2_clean,22,23,2.2463,-0.4396,4.6593,5.0989,-2.2418,-6.0220,3.7802,5.0989
v2_clean,15,8,v2_clean,22,23,2.2463,-0.4396,4.6593,5.0989,-2.2418,-6.0220,3.7802,5.0989
v2_clean,15,9,v2_clean,22,23,2.2463,-0.4396,4.6593,5.0989,-2.2418,-6.0220,3.7802,5.0989
v2_clean,15,10,v2_clean,22,23,2.2463,-0.4396,4.6593,5.0989,-2.2418,-6.0220,3.7802,5.0989
v2_clean,15,11,v2_clean,22,23,2.2463,-0.4396,4.6593,5.0989,-2.2418,-6.0220,3.7802,5.0989
v2_clean,15,12,v2_clean,22,23,2.2463,-0.4396,4.6593,5.0989,-2.2418,-6.0220,3.7802,5.0989
v2_clean,15,13,v2_clean,22,23,2.2463,-0.4396,4.6593,5.0989,-2.2418,-6.0220,3.7802,5.0989
v2_clean,15,14,v2_clean,22,23,2.2463,-0.4396,4.6593,5.0989,-2.2418,-6.0220,3.7802,5.0989
v2_clean,15,15,v2_clean,22,23,2.2463,-0.4396,4.6593,5.0989,-2.3297,-6.0220,3.6923,5.0989
v2_clean,16,9,v2_clean,22,23,1.4761,-0.4396,4.6593,5.0989,-2.1538,-6.0220,3.8681,5.0989
v2_clean,16,10,v2_clean,22,23,1.4761,-0.4396,4.6593,5.0989,-2.1538,-6.0220,3.8681,5.0989
v2_clean,16,11,v2_clean,22,23,1.4761,-0.4396,4.6593,5.0989,-2.1538,-6.0220,3.8681,5.0989
v2_clean,17,0,v2_clean,22,23,1.8542,-0.4396,4.6593,5.0989,-2.0659,-6.0220,3.9560,5.0989
v2_clean,17,1,v2_clean,22,23,1.8542,-0.4396,4.6593,5.0989,-2.0659,-6.0220,3.9560,5.0989
v2_clean,17,2,v2_clean,22,23,1.8542,-0.4396,4.6593,5.0989,-2.0659,-6.0220,3.9560,5.0989
v2_clean,17,3,v2_clean,22,23,1.8542,-0.4396,4.6593,5.0989,-2.0659,-6.0220,3.9560,5.0989
v2_clean,17,4,v2_clean,22,23,1.8542,-0.4396,4.6593,5.0989,-2.0659,-6.0220,3.9560,5.0989
v2_clean,17,5,v2_clean,22,23,1.8542,-0.4396,4.6593,5.0989,-2.0659,-6.0220,3.9560,5.0989
v2_clean,17,6,v2_clean,22,23,1.8542,-0.4396,4.6593,5.0989,-2.0659,-6.0220,3.9560,5.0989
v2_clean,17,7,v2_clean,22,23,1.8542,-0.4396,4.6593,5.0989,-2.0659,-6.0220,3.9560,5.0989
v2_clean,17,8,v2_clean,22,23,1.8542,-0.4396,4.6593,5.0989,-2.0659,-6.0220,3.9560,5.0989
v2_clean,17,9,v2_clean,22,23,1.8542,-0.4396,4.6593,5.0989,-2.0659,-6.0220,3.9560,5.0989
v2_clean,17,10,v2_clean,22,23,1.8542,-0.4396,4.6593,5.0989,-2.0659,-6.0220,3.9560,5.0989
v2_clean,17,11,v2_clean,22,23,1.8542,-0.4396,4.6593,5.0989,-2.0659,-6.0220,3.9560,5.0989
v2_clean,17,12,v2_clean,22,23,1.8542,-0.4396,4.6593,5.0989,-2.0659,-6.0220,3.9560,5.0989
v2_clean,17,13,v2_clean,22,23,1.8542,-0.4396,4.6593,5.0989,-2.0659,-6.0220,3.9560,5.0989
v2_clean,17,14,v2_clean,22,23,1.8542,-0.4396,4.6593,5.0989,-2.0659,-6.0220,3.9560,5.0989
v2_clean,17,15,v2_clean,22,23,1.8542,-0.4396,4.6593,5.0989,-2.0659,-6.0220,3.9560,5.0989
v2_clean,18,13,v2_clean,22,23,2.1905,0.7033,4.6593,3.9560,-0.9231,-6.0220,5.0989,5.0989
v2_clean,18,14,v2_clean,22,23,2.2238,0.7033,4.6593,3.9560,-0.9231,-6.0220,5.0989,5.0989
v2_clean,18,15,v2_clean,22,23,2.3406,0.4396,4.6593,4.2198,-0.9231,-6.0220,5.0989,5.0989
v2_clean,18,16,v2_clean,22,23,2.4313,0.2637,4.6593,4.3956,-0.9231,-6.0220,5.0989,5.0989
v2_clean,20,8,v2_clean,22,23,2.5106,-0.4396,4.6593,5.0989,-2.2418,-6.0220,3.7802,5.0989
v2_clean,20,9,v2_clean,22,23,2.5106,-0.4396,4.6593,5.0989,-2.2418,-6.0220,3.7802,5.0989
v2_clean,21,3,v2_clean,22,23,1.8885,-0.4396,4.6593,5.0989,-2.2418,-6.0220,3.7802,5.0989
v2_clean,21,4,v2_clean,22,23,1.8885,-0.4396,4.6593,5.0989,-2.3297,-6.0220,3.6923,5.0989
v2_clean,21,5,v2_clean,22,23,1.8885,-0.4396,4.6593,5.0989,-2.3297,-6.0220,3.6923,5.0989
v2_clean,21,6,v2_clean,22,23,1.8885,-0.4396,4.6593,5.0989,-2.3297,-6.0220,3.6923,5.0989
v2_clean,9,16,v2_clean,22,23,2.4496,-0.3517,4.6593,5.0110,-2.3297,-6.0220,3.6923,5.0110
v2_clean,9,17,v2_clean,22,23,2.4496,-0.3517,4.6593,5.0110,-2.3297,-6.0220,3.6923,5.0110
v2_clean,9,18,v2_clean,22,23,2.4496,-0.3517,4.6593,5.0110,-2.3297,-6.0220,3.6923,5.0110
v2_clean,17,16,v2_clean,22,23,1.8542,-0.3517,4.6593,5.0110,-2.1538,-6.0220,3.8681,5.0110
v2_clean,17,17,v2_clean,22,23,1.8542,-0.3517,4.6593,5.0110,-2.1538,-6.0220,3.8681,5.0110
v2_clean,15,16,v2_clean,22,23,2.2463,-0.3516,4.6593,5.0110,-2.3297,-6.0220,3.6923,5.0110
v2_clean,16,12,v2_clean,22,23,1.4761,-0.3516,4.6593,5.0110,-2.2418,-6.0220,3.7802,5.0110
v2_clean,16,13,v2_clean,22,23,1.4761,-0.3516,4.6593,5.0110,-2.2418,-6.0220,3.7802,5.0110
v2_clean,16,14,v2_clean,22,23,1.4761,-0.3516,4.6593,5.0110,-2.2418,-6.0220,3.7802,5.0110
v2_clean,16,15,v2_clean,22,23,1.4761,-0.3516,4.6593,5.0110,-2.2418,-6.0220,3.7802,5.0110
v2_clean,16,16,v2_clean,22,23,1.4761,-0.3516,4.6593,5.0110,-2.2418,-6.0220,3.7802,5.0110
v2_clean,16,17,v2_clean,22,23,1.4761,-0.3516,4.6593,5.0110,-2.2418,-6.0220,3.7802,5.0110
v2_clean,16,18,v2_clean,22,23,1.4761,-0.3516,4.6593,5.0110,-2.2418,-6.0220,3.7802,5.0110
v2_clean,18,17,v2_clean,22,23,2.4313,0.2637,4.6593,4.3956,-1.0110,-6.0220,5.0110,5.0110
v2_clean,18,18,v2_clean,22,23,2.4313,0.2637,4.6593,4.3956,-1.0110,-6.0220,5.0110,5.0110
v2_clean,20,10,v2_clean,22,23,2.5106,-0.3516,4.6593,5.0110,-2.2418,-6.0220,3.7802,5.0110
v2_clean,20,11,v2_clean,22,23,2.5106,-0.3516,4.6593,5.0110,-2.3297,-6.0220,3.6923,5.0110
v2_clean,21,7,v2_clean,22,23,1.8885,-0.3516,4.6593,5.0110,-2.3297,-6.0220,3.6923,5.0110
v2_clean,21,8,v2_clean,22,23,1.8885,-0.3516,4.6593,5.0110,-2.4176,-6.0220,3.6044,5.0110
v2_clean,21,9,v2_clean,22,23,1.8885,-0.3516,4.6593,5.0110,-2.4176,-6.0220,3.6044,5.0110
v2_clean,21,10,v2_clean,22,23,1.8885,-0.3516,4.6593,5.0110,-2.4176,-6.0220,3.6044,5.0110
v2_clean,21,11,v2_clean,22,23,1.8885,-0.3516,4.6593,5.0110,-2.4176,-6.0220,3.6044,5.0110
v2_clean,9,19,v2_clean,22,23,2.4496,-0.2637,4.6593,4.9231,-2.4176,-6.0220,3.6044,4.9231
v2_clean,17,18,v2_clean,22,23,1.8542,-0.2637,4.6593,4.9231,-2.2418,-6.0220,3.7802,4.9231
v2_clean,18,0,v2_clean,22,22,2.8240,0.0879,3.5165,3.4286,-0.3077,-5.2308,4.9231,4.9231
v2_clean,18,1,v2_clean,22,22,2.8240,0.0879,3.5165,3.4286,-0.3077,-5.2308,4.9231,4.9231
v2_clean,18,2,v2_clean,22,22,2.8240,0.0879,3.5165,3.4286,-0.3077,-5.2308,4.9231,4.9231
v2_clean,18,3,v2_clean,22,22,2.8240,0.0879,3.5165,3.4286,-0.3077,-5.2308,4.9231,4.9231
v2_clean,18,4,v2_clean,22,22,2.8240,0.0879,3.5165,3.4286,-0.3077,-5.2308,4.9231,4.9231
v2_clean,18,5,v2_clean,22,22,2.8240,0.0879,3.5165,3.4286,-0.3077,-5.2308,4.9231,4.9231
v2_clean,18,6,v2_clean,22,22,2.8240,0.0879,3.5165,3.4286,-0.3077,-5.2308,4.9231,4.9231
v2_clean,18,7,v2_clean,22,22,2.8240,0.0879,3.5165,3.4286,-0.3077,-5.2308,4.9231,4.9231
v2_clean,18,19,v2_clean,22,23,2.4313,0.2637,4.6593,4.3956,-1.0989,-6.0220,4.9231,4.9231
v2_clean,18,20,v2_clean,22,23,2.4313,0.6154,4.6593,4.0440,-1.0989,-6.0220,4.9231,4.9231
v2_clean,20,12,v2_clean,22,23,2.5106,-0.2637,4.6593,4.9231,-2.3297,-6.0220,3.6923,4.9231
v2_clean,20,13,v2_clean,22,23,2.5106,-0.2637,4.6593,4.9231,-2.4176,-6.0220,3.6044,4.9231
v2_clean,20,14,v2_clean,22,23,2.5106,-0.2637,4.6593,4.9231,-2.6813,-6.0220,3.3407,4.9231
v2_clean,20,15,v2_clean,22,23,2.5106,-0.2637,4.6593,4.9231,-2.7692,-6.0220,3.2527,4.9231
v2_clean,20,16,v2_clean,22,23,2.4843,-0.2637,4.6593,4.9231,-2.7692,-6.0220,3.2528,4.9231
v2_clean,20,17,v2_clean,22,23,2.4843,-0.2637,4.6593,4.9231,-2.7692,-6.0220,3.2528,4.9231
v2_clean,16,19,v2_clean,22,23,1.4761,-0.2637,4.6593,4.9231,-2.3297,-6.0220,3.6923,4.9231
v2_clean,16,20,v2_clean,22,23,1.4761,-0.2637,4.6593,4.9231,-2.3297,-6.0220,3.6923,4.9231
v2_clean,16,21,v2_clean,22,23,1.4761,-0.2637,4.6593,4.9231,-2.3297,-6.0220,3.6923,4.9231
v2_clean,16,22,v2_clean,22,23,1.4761,-0.2637,4.6593,4.9231,-2.3297,-6.0220,3.6923,4.9231
v2_clean,21,12,v2_clean,22,23,1.8885,-0.2637,4.6593,4.9231,-2.4176,-6.0220,3.6044,4.9231
v2_clean,21,13,v2_clean,22,23,1.8885,-0.2637,4.6593,4.9231,-2.4176,-6.0220,3.6044,4.9231
v2_clean,21,14,v2_clean,22,23,1.8885,-0.2637,4.6593,4.9231,-2.5055,-6.0220,3.5165,4.9231
v2_clean,18,8,v2_clean,22,22,2.8240,0.0879,3.5165,3.4286,-0.3956,-5.2308,4.8352,4.8352
v2_clean,18,9,v2_clean,22,22,2.8240,0.1758,3.5165,3.3407,-0.3956,-5.2308,4.8352,4.8352
v2_clean,18,10,v2_clean,22,22,2.8240,0.3516,3.5165,3.1648,-0.3956,-5.2308,4.8352,4.8352
v2_clean,20,18,v2_clean,22,23,2.4843,-0.1758,4.6593,4.8352,-2.8571,-6.0220,3.1648,4.8352
v2_clean,20,19,v2_clean,22,23,2.4843,-0.1758,4.6593,4.8352,-3.0330,-6.0220,2.9890,4.8352
v2_clean,24,14,v3_start_coverage,14,0,2.7575,4.2198,-0.6154,4.8352,-4.2637,-2.4176,1.8462,4.8352
v2_clean,24,14,v3_start_coverage,14,1,2.7575,4.2198,-0.6154,4.8352,-4.2637,-2.4176,1.8462,4.8352
v2_clean,24,14,v3_start_coverage,14,2,2.7575,4.2198,-0.6154,4.8352,-4.2637,-2.4176,1.8462,4.8352
v2_clean,24,14,v3_start_coverage,14,3,2.7575,4.2198,-0.6154,4.8352,-4.2637,-2.4176,1.8462,4.8352
v2_clean,24,14,v3_start_coverage,14,4,2.7575,4.2198,-0.6154,4.8352,-4.2637,-2.4176,1.8462,4.8352
v2_clean,24,14,v3_start_coverage,14,5,2.7575,4.2198,-0.6154,4.8352,-4.2637,-2.4176,1.8462,4.8352
v2_clean,24,14,v3_start_coverage,14,6,2.7575,4.2198,-0.6154,4.8352,-4.2637,-2.4176,1.8462,4.8352
v2_clean,24,14,v3_start_coverage,14,7,2.7575,4.2198,-0.6154,4.8352,-4.2637,-2.4176,1.8462,4.8352
v2_clean,24,14,v3_start_coverage,14,8,2.7575,4.2198,-0.6154,4.8352,-4.2637,-2.4176,1.8462,4.8352
v2_clean,24,14,v3_start_coverage,14,9,2.7575,4.2198,-0.6154,4.8352,-4.2637,-2.4176,1.8462,4.8352
v2_clean,24,14,v3_start_coverage,14,10,2.7575,4.2198,-0.6154,4.8352,-4.2637,-2.4176,1.8462,4.8352
v2_clean,24,14,v3_start_coverage,14,11,2.7575,4.2198,-0.6154,4.8352,-4.2637,-2.4176,1.8462,4.8352
v2_clean,24,14,v3_start_coverage,14,12,2.7575,4.2198,-0.6154,4.8352,-4.2637,-2.4176,1.8462,4.8352
v2_clean,24,14,v3_start_coverage,14,13,2.7575,4.2198,-0.6154,4.8352,-4.2637,-2.4176,1.8462,4.8352
v2_clean,24,14,v3_start_coverage,14,14,2.7575,4.2198,-0.6154,4.8352,-4.2637,-2.4176,1.8462,4.8352
v2_clean,24,14,v3_start_coverage,14,15,2.7575,4.2198,-0.6154,4.8352,-4.2637,-2.4176,1.8462,4.8352
v2_clean,24,14,v3_start_coverage,14,16,2.7575,4.2198,-0.6154,4.8352,-4.2637,-2.4176,1.8462,4.8352
v2_clean,24,14,v3_start_coverage,14,17,2.7575,4.2198,-0.6154,4.8352,-4.2637,-2.4176,1.8462,4.8352
v2_clean,24,14,v3_start_coverage,14,18,2.7575,4.2198,-0.6154,4.8352,-4.2637,-2.4176,1.8462,4.8352
v2_clean,24,14,v3_start_coverage,14,19,2.7575,4.2198,-0.6154,4.8352,-4.2637,-2.4176,1.8462,4.8352
v2_clean,24,14,v3_start_coverage,14,20,2.7575,4.2198,-0.6154,4.8352,-4.2637,-2.4176,1.8462,4.8352
v2_clean,24,14,v3_start_coverage,14,21,2.7575,4.2198,-0.6154,4.8352,-4.2637,-2.4176,1.8462,4.8352
v2_clean,24,14,v3_start_coverage,14,22,2.7575,4.2198,-0.6154,4.8352,-4.2637,-2.4176,1.8462,4.8352
v2_clean,24,14,v3_start_coverage,14,23,2.7575,4.2198,-0.6154,4.8352,-4.2637,-2.4176,1.8462,4.8352
v2_clean,24,14,v3_start_coverage,14,24,2.7575,4.2198,-0.6154,4.8352,-4.2637,-2.4176,1.8462,4.8352
v2_clean,24,14,v3_start_coverage,14,25,2.7575,4.2198,-0.6154,4.8352,-4.2637,-2.4176,1.8462,4.8352
v2_clean,24,14,v3_start_coverage,14,26,2.7575,4.2198,-0.6154,4.8352,-4.2637,-2.4176,1.8462,4.8352
v2_clean,24,14,v3_start_coverage,14,27,2.7575,4.2198,-0.6154,4.8352,-4.2637,-2.4176,1.8462,4.8352
v2_clean,24,14,v3_start_coverage,14,28,2.7575,4.2198,-0.6154,4.8352,-4.2637,-2.4176,1.8462,4.8352
v2_clean,24,14,v3_start_coverage,14,29,2.7575,4.2198,-0.6154,4.8352,-4.2637,-2.4176,1.8462,4.8352
v2_clean,24,14,v3_start_coverage,14,30,2.7575,4.2198,-0.6154,4.8352,-4.2637,-2.4176,1.8462,4.8352
v2_clean,24,14,v3_start_coverage,14,31,2.7575,4.2198,-0.6154,4.8352,-4.2637,-2.4176,1.8462,4.8352
v2_clean,24,14,v3_start_coverage,14,32,2.7575,4.2198,-0.6154,4.8352,-4.2637,-2.4176,1.8462,4.8352
v2_clean,24,14,v3_start_coverage,14,33,2.7575,4.2198,-0.6154,4.8352,-4.2637,-2.4176,1.8462,4.8352
v2_clean,24,14,v3_start_coverage,14,34,2.7575,4.2198,-0.6154,4.8352,-4.2637,-2.4176,1.8462,4.8352
v2_clean,24,14,v3_start_coverage,14,35,2.7575,4.2198,-0.6154,4.8352,-4.2637,-2.4176,1.8462,4.8352
v2_clean,24,14,v3_start_coverage,14,36,2.7575,4.2198,-0.6154,4.8352,-4.2637,-2.4176,1.8462,4.8352
v2_clean,24,14,v3_start_coverage,14,37,2.7575,4.2198,-0.6154,4.8352,-4.2637,-2.4176,1.8462,4.8352
v2_clean,24,14,v3_start_coverage,14,38,2.7575,4.2198,-0.6154,4.8352,-4.2637,-2.4176,1.8462,4.8352
v2_clean,24,14,v3_start_coverage,14,39,2.7575,4.2198,-0.6154,4.8352,-4.2637,-2.4176,1.8462,4.8352
v2_clean,24,14,v3_start_coverage,14,40,2.7575,4.2198,-0.6154,4.8352,-4.2637,-2.4176,1.8462,4.8352
v2_clean,24,14,v3_start_coverage,14,41,2.7575,4.2198,-0.6154,4.8352,-4.2637,-2.4176,1.8462,4.8352
v2_clean,24,14,v3_start_coverage,14,42,2.7575,4.2198,-0.6154,4.8352,-4.2637,-2.4176,1.8462,4.8352
v2_clean,24,14,v3_start_coverage,14,43,2.7575,4.2198,-0.6154,4.8352,-4.2637,-2.4176,1.8462,4.8352
v2_clean,24,14,v3_start_coverage,14,44,2.7575,4.2198,-0.6154,4.8352,-4.2637,-2.4176,1.8462,4.8352
v2_clean,24,14,v3_start_coverage,14,45,2.7575,4.2198,-0.6154,4.8352,-4.2637,-2.4176,1.8462,4.8352
v2_clean,24,14,v3_start_coverage,14,46,2.7575,4.2198,-0.6154,4.8352,-4.2637,-2.4176,1.8462,4.8352
v2_clean,24,14,v3_start_coverage,14,47,2.7575,4.2198,-0.6154,4.8352,-4.2637,-2.4176,1.8462,4.8352
v2_clean,24,14,v3_start_coverage,14,48,2.7575,4.2198,-0.6154,4.8352,-4.2637,-2.4176,1.8462,4.8352
v2_clean,24,14,v3_start_coverage,14,49,2.7575,4.2198,-0.6154,4.8352,-4.2637,-2.4176,1.8462,4.8352
v2_clean,24,14,v3_start_coverage,14,50,2.7575,4.2198,-0.6154,4.8352,-4.2637,-2.4176,1.8462,4.8352
v2_clean,24,14,v3_start_coverage,14,51,2.7575,4.2198,-0.6154,4.8352,-4.2637,-2.4176,1.8462,4.8352
v2_clean,24,14,v3_start_coverage,14,52,2.7575,4.2198,-0.6154,4.8352,-4.2637,-2.4176,1.8462,4.8352
v2_clean,24,14,v3_start_coverage,14,53,2.7575,4.2198,-0.6154,4.8352,-4.2637,-2.4176,1.8462,4.8352
