dataset,episode,joint,n_frames,mean_abs_delta_deg,median_abs_delta_deg,p95_abs_delta_deg,max_abs_delta_deg,would_clamp_threshold_deg,frac_would_clamp
v2_clean,0,shoulder_pan,23,0.1758,0.1758,0.1758,0.1758,4.58,0.0000
v2_clean,0,shoulder_lift,23,0.6230,0.2637,2.5407,3.5165,5.16,0.0000
v2_clean,0,elbow_flex,23,2.0354,1.8022,3.2264,4.0000,5.73,0.0000
v2_clean,0,wrist_flex,23,1.1868,1.1868,1.1868,1.1868,4.01,0.0000
v2_clean,0,wrist_roll,23,0.2676,0.2637,0.2637,0.3516,1.15,0.0000
v2_clean,0,gripper,23,0.1635,0.1635,0.1635,0.1635,9.17,0.0000
v2_clean,1,shoulder_pan,34,0.5792,0.7033,0.7033,0.7033,4.58,0.0000
v2_clean,1,shoulder_lift,34,0.5404,0.3516,1.2176,3.0769,5.16,0.0000
v2_clean,1,elbow_flex,34,2.1461,1.9780,3.1604,4.3516,5.73,0.0000
v2_clean,1,wrist_flex,34,0.2301,0.1758,0.4835,0.5714,4.01,0.0000
v2_clean,1,wrist_roll,34,0.3025,0.3516,0.4396,0.4396,1.15,0.0000
v2_clean,1,gripper,34,0.3978,0.3686,0.4395,0.4395,9.17,0.0000
v2_clean,2,shoulder_pan,29,0.4426,0.4396,0.4396,0.5275,4.58,0.0000
v2_clean,2,shoulder_lift,29,0.3274,0.0879,0.8615,1.7582,5.16,0.0000
v2_clean,2,elbow_flex,29,2.3115,1.8022,4.2110,4.6154,5.73,0.0000
v2_clean,2,wrist_flex,29,0.2895,0.3077,0.4484,0.4835,4.01,0.0000
v2_clean,2,wrist_roll,29,0.5335,0.5275,0.6154,0.6154,1.15,0.0000
v2_clean,2,gripper,29,0.4831,0.5129,0.5141,0.5839,9.17,0.0000
v2_clean,3,shoulder_pan,25,0.5345,0.5275,0.5978,0.6154,4.58,0.0000
v2_clean,3,shoulder_lift,25,0.5415,0.2637,2.2330,3.6044,5.16,0.0000
v2_clean,3,elbow_flex,25,2.2136,1.8901,3.9473,4.6154,5.73,0.0000
v2_clean,3,wrist_flex,25,0.9090,1.0110,1.0110,1.0110,4.01,0.0000
v2_clean,3,wrist_roll,25,0.5310,0.5275,0.6154,0.6154,1.15,0.0000
v2_clean,3,gripper,25,0.2743,0.3074,0.3074,0.3074,9.17,0.0000
v2_clean,4,shoulder_pan,28,0.5275,0.5275,0.5275,0.5275,4.58,0.0000
v2_clean,4,shoulder_lift,28,0.6342,0.5275,1.3055,2.8132,5.16,0.0000
v2_clean,4,elbow_flex,28,2.1821,1.9780,2.7956,3.4725,5.73,0.0000
v2_clean,4,wrist_flex,28,0.4270,0.4835,0.4835,0.4835,4.01,0.0000
v2_clean,4,wrist_roll,28,0.2292,0.2637,0.2637,0.2637,1.15,0.0000
v2_clean,4,gripper,28,0.4576,0.4576,0.4576,0.4576,9.17,0.0000
v2_clean,5,shoulder_pan,23,0.5045,0.6154,0.6154,0.6154,4.58,0.0000
v2_clean,5,shoulder_lift,23,0.5466,0.4396,0.9582,1.0549,5.16,0.0000
v2_clean,5,elbow_flex,23,2.0277,1.7143,3.1560,3.7363,5.73,0.0000
v2_clean,5,wrist_flex,23,1.0798,1.0989,1.0989,1.0989,4.01,0.0000
v2_clean,5,wrist_roll,23,0.1032,0.0879,0.2637,0.2637,1.15,0.0000
v2_clean,5,gripper,23,0.3827,0.3827,0.3827,0.3827,9.17,0.0000
v2_clean,6,shoulder_pan,24,0.5678,0.6154,0.6154,0.6154,4.58,0.0000
v2_clean,6,shoulder_lift,24,0.4908,0.1758,2.1407,3.4286,5.16,0.0000
v2_clean,6,elbow_flex,24,2.3663,2.0659,3.9692,4.9670,5.73,0.0000
v2_clean,6,wrist_flex,24,0.9304,0.9231,0.9978,1.0110,4.01,0.0000
v2_clean,6,wrist_roll,24,0.0769,0.0879,0.0879,0.0879,1.15,0.0000
v2_clean,6,gripper,24,0.3876,0.3906,0.3906,0.3906,9.17,0.0000
v2_clean,7,shoulder_pan,31,0.7033,0.7033,0.7033,0.7033,4.58,0.0000
v2_clean,7,shoulder_lift,31,0.6693,0.3516,2.3297,3.3407,5.16,0.0000
v2_clean,7,elbow_flex,31,2.1056,1.8022,3.6923,4.7033,5.73,0.0000
v2_clean,7,wrist_flex,31,0.3105,0.3077,0.4396,0.5714,4.01,0.0000
v2_clean,7,wrist_roll,31,0.1900,0.2637,0.2637,0.2637,1.15,0.0000
v2_clean,7,gripper,31,0.4576,0.4576,0.4576,0.4576,9.17,0.0000
v2_clean,8,shoulder_pan,25,0.6998,0.7033,0.7033,0.7033,4.58,0.0000
v2_clean,8,shoulder_lift,25,0.6822,0.4396,1.7407,2.7253,5.16,0.0000
v2_clean,8,elbow_flex,25,2.1574,1.9780,2.8044,3.4725,5.73,0.0000
v2_clean,8,wrist_flex,25,0.8457,0.9231,0.9231,0.9231,4.01,0.0000
v2_clean,8,wrist_roll,25,0.2778,0.2637,0.3516,0.3516,1.15,0.0000
v2_clean,8,gripper,25,0.4355,0.4419,0.4995,0.5129,9.17,0.0000
v2_clean,9,shoulder_pan,25,0.5275,0.5275,0.5275,0.5275,4.58,0.0000
v2_clean,9,shoulder_lift,25,0.8264,0.5275,3.2000,4.1319,5.16,0.0000
v2_clean,9,elbow_flex,25,2.3684,2.0659,3.7890,4.1758,5.73,0.0000
v2_clean,9,wrist_flex,25,0.1495,0.0440,0.3077,0.3077,4.01,0.0000
v2_clean,9,wrist_roll,25,0.1231,0.0879,0.2637,0.2637,1.15,0.0000
v2_clean,9,gripper,25,0.2384,0.2384,0.2384,0.2384,9.17,0.0000
v2_clean,10,shoulder_pan,32,0.7610,0.8791,0.8791,0.8791,4.58,0.0000
v2_clean,10,shoulder_lift,32,0.5220,0.3516,1.5297,3.3407,5.16,0.0000
v2_clean,10,elbow_flex,32,2.2445,1.9780,3.4769,4.7033,5.73,0.0000
v2_clean,10,wrist_flex,32,0.9560,1.0989,1.0989,1.0989,4.01,0.0000
v2_clean,10,wrist_roll,32,0.1841,0.1758,0.3516,0.3516,1.15,0.0000
v2_clean,10,gripper,32,0.2916,0.3059,0.3769,0.3769,9.17,0.0000
v2_clean,11,shoulder_pan,29,0.7033,0.7033,0.7033,0.7033,4.58,0.0000
v2_clean,11,shoulder_lift,29,0.5881,0.2637,2.8659,3.8681,5.16,0.0000
v2_clean,11,elbow_flex,29,2.1963,1.9780,3.2967,4.0000,5.73,0.0000
v2_clean,11,wrist_flex,29,0.2925,0.3077,0.3077,0.3077,4.01,0.0000
v2_clean,11,wrist_roll,29,0.0879,0.0879,0.0879,0.0879,1.15,0.0000
v2_clean,11,gripper,29,0.2234,0.0734,1.0449,1.2128,9.17,0.0000
v2_clean,12,shoulder_pan,30,0.6095,0.7033,0.7033,0.7033,4.58,0.0000
v2_clean,12,shoulder_lift,30,0.4806,0.3517,0.9363,1.9341,5.16,0.0000
v2_clean,12,elbow_flex,30,1.9985,1.7143,2.8835,4.0000,5.73,0.0000
v2_clean,12,wrist_flex,30,0.8703,1.0110,1.1868,1.1868,4.01,0.0000
v2_clean,12,wrist_roll,30,0.2872,0.2637,0.3516,0.3516,1.15,0.0000
v2_clean,12,gripper,30,0.2628,0.2486,0.3196,0.3196,9.17,0.0000
v2_clean,13,shoulder_pan,34,1.0524,1.1429,1.1429,1.1429,4.58,0.0000
v2_clean,13,shoulder_lift,34,0.5507,0.4396,0.8528,1.6703,5.16,0.0000
v2_clean,13,elbow_flex,34,2.1564,1.8901,3.7802,4.9670,5.73,0.0000
v2_clean,13,wrist_flex,34,1.1067,1.1868,1.1868,1.1868,4.01,0.0000
v2_clean,13,wrist_roll,34,0.2767,0.2637,0.3516,0.3516,1.15,0.0000
v2_clean,13,gripper,34,0.1386,0.1533,0.1533,0.1533,9.17,0.0000
v2_clean,14,shoulder_pan,25,0.8721,0.8791,0.8791,0.8791,4.58,0.0000
v2_clean,14,shoulder_lift,25,0.4185,0.3516,0.6154,0.6154,5.16,0.0000
v2_clean,14,elbow_flex,25,2.3156,1.8022,4.2813,4.5275,5.73,0.0000
v2_clean,14,wrist_flex,25,0.4554,0.5714,0.5714,0.5714,4.01,0.0000
v2_clean,14,wrist_roll,25,0.5345,0.5275,0.5275,0.7033,1.15,0.0000
v2_clean,14,gripper,25,0.1576,0.1576,0.1576,0.1576,9.17,0.0000
v2_clean,15,shoulder_pan,29,0.9519,0.9670,0.9670,0.9670,4.58,0.0000
v2_clean,15,shoulder_lift,29,0.5760,0.4396,2.1802,2.6374,5.16,0.0000
v2_clean,15,elbow_flex,29,2.5479,2.2418,3.6132,4.2637,5.73,0.0000
v2_clean,15,wrist_flex,29,0.6442,0.7473,0.7473,0.7473,4.01,0.0000
v2_clean,15,wrist_roll,29,0.4396,0.4396,0.4396,0.4396,1.15,0.0000
v2_clean,15,gripper,29,0.3827,0.3827,0.3827,0.3827,9.17,0.0000
v2_clean,16,shoulder_pan,29,0.9367,0.9670,0.9670,0.9670,4.58,0.0000
v2_clean,16,shoulder_lift,29,0.6639,0.4396,2.4440,3.3407,5.16,0.0000
v2_clean,16,elbow_flex,29,2.3630,2.2418,3.5077,3.7363,5.73,0.0000
v2_clean,16,wrist_flex,29,0.3410,0.3077,0.3956,0.3956,4.01,0.0000
v2_clean,16,wrist_roll,29,0.1425,0.0879,0.2637,0.2637,1.15,0.0000
v2_clean,16,gripper,29,0.2305,0.2305,0.2305,0.2305,9.17,0.0000
v2_clean,17,shoulder_pan,24,0.5421,0.5275,0.6154,0.6154,4.58,0.0000
v2_clean,17,shoulder_lift,24,0.7656,0.4396,3.1297,4.3077,5.16,0.0000
v2_clean,17,elbow_flex,24,2.3150,2.0659,3.7187,4.1758,5.73,0.0000
v2_clean,17,wrist_flex,24,0.3956,0.3956,0.3956,0.3956,4.01,0.0000
v2_clean,17,wrist_roll,24,0.2601,0.2637,0.3385,0.3516,1.15,0.0000
v2_clean,17,gripper,24,0.2565,0.2565,0.2565,0.2565,9.17,0.0000
v2_clean,18,shoulder_pan,24,0.4469,0.6154,0.6154,0.6154,4.58,0.0000
v2_clean,18,shoulder_lift,24,0.5348,0.2637,2.1275,3.3407,5.16,0.0000
v2_clean,18,elbow_flex,24,0.8095,0.6154,2.0484,3.0330,5.73,0.0000
v2_clean,18,wrist_flex,24,0.6557,0.7912,0.8352,0.8352,4.01,0.0000
v2_clean,18,wrist_roll,24,0.0733,0.0879,0.0879,0.0879,1.15,0.0000
v2_clean,18,gripper,24,0.1145,0.1145,0.1145,0.1145,9.17,0.0000
v2_clean,19,shoulder_pan,26,0.4531,0.3516,0.7912,0.7912,4.58,0.0000
v2_clean,19,shoulder_lift,26,0.6661,0.3956,2.3077,3.4286,5.16,0.0000
v2_clean,19,elbow_flex,26,2.1437,1.9341,3.5385,4.7033,5.73,0.0000
v2_clean,19,wrist_flex,26,0.2874,0.3077,0.3956,0.4835,4.01,0.0000
v2_clean,19,wrist_roll,26,0.1623,0.0879,0.2637,0.2637,1.15,0.0000
v2_clean,19,gripper,26,0.1067,0.1067,0.1067,0.1067,9.17,0.0000
v2_clean,20,shoulder_pan,24,0.7033,0.7033,0.7033,0.7033,4.58,0.0000
v2_clean,20,shoulder_lift,24,0.5165,0.4396,1.3758,2.4615,5.16,0.0000
v2_clean,20,elbow_flex,24,2.6923,2.3297,4.1978,4.5275,5.73,0.0000
v2_clean,20,wrist_flex,24,0.1575,0.1319,0.2198,0.2198,4.01,0.0000
v2_clean,20,wrist_roll,24,0.1758,0.1758,0.1758,0.1758,1.15,0.0000
v2_clean,20,gripper,24,0.2976,0.2976,0.2976,0.2976,9.17,0.0000
v2_clean,21,shoulder_pan,20,0.9187,0.9670,0.9670,0.9670,4.58,0.0000
v2_clean,21,shoulder_lift,20,0.6857,0.4396,2.5802,3.1648,5.16,0.0000
v2_clean,21,elbow_flex,20,2.7780,2.4176,4.8132,5.2308,5.73,0.0000
v2_clean,21,wrist_flex,20,0.1714,0.2198,0.3077,0.3077,4.01,0.0000
v2_clean,21,wrist_roll,20,0.1934,0.2198,0.2637,0.2637,1.15,0.0000
v2_clean,21,gripper,20,0.2525,0.2525,0.2525,0.2525,9.17,0.0000
v2_clean,22,shoulder_pan,24,0.6960,0.7033,0.7033,0.7033,4.58,0.0000
v2_clean,22,shoulder_lift,24,0.8205,0.5275,3.3055,4.6593,5.16,0.0000
v2_clean,22,elbow_flex,24,2.7216,2.2418,5.0989,6.0220,5.73,0.0417
v2_clean,22,wrist_flex,24,0.3077,0.3077,0.3077,0.3077,4.01,0.0000
v2_clean,22,wrist_roll,24,0.2308,0.2198,0.3516,0.3516,1.15,0.0000
v2_clean,22,gripper,24,0.3906,0.3906,0.3906,0.3906,9.17,0.0000
v2_clean,23,shoulder_pan,26,0.6323,0.6154,0.7033,0.7033,4.58,0.0000
v2_clean,23,shoulder_lift,26,0.5917,0.2637,2.8791,3.6923,5.16,0.0000
v2_clean,23,elbow_flex,26,2.3094,2.0659,3.9341,4.5275,5.73,0.0000
v2_clean,23,wrist_flex,26,0.7878,0.7472,1.0110,1.0110,4.01,0.0000
v2_clean,23,wrist_roll,26,0.3516,0.3516,0.3516,0.3516,1.15,0.0000
v2_clean,23,gripper,26,0.3906,0.3906,0.3906,0.3906,9.17,0.0000
v2_clean,24,shoulder_pan,15,0.9670,0.9670,0.9670,0.9670,4.58,0.0000
v2_clean,24,shoulder_lift,15,1.0784,0.4396,3.7890,4.2198,5.16,0.0000
v2_clean,24,elbow_flex,15,2.6872,2.4176,3.9560,4.2637,5.73,0.0000
v2_clean,24,wrist_flex,15,0.4835,0.4835,0.4835,0.4835,4.01,0.0000
v2_clean,24,wrist_roll,15,0.3575,0.3516,0.3780,0.4396,1.15,0.0000
v2_clean,24,gripper,15,0.3035,0.3035,0.3035,0.3035,9.17,0.0000
v2_clean,25,shoulder_pan,20,0.8176,0.7912,0.9714,1.0549,4.58,0.0000
v2_clean,25,shoulder_lift,20,0.7604,0.4396,2.5802,3.1648,5.16,0.0000
v2_clean,25,elbow_flex,20,1.6527,1.1868,3.8506,4.3516,5.73,0.0000
v2_clean,25,wrist_flex,20,0.8659,0.9231,1.0110,1.0110,4.01,0.0000
v2_clean,25,wrist_roll,20,0.1099,0.0879,0.1758,0.1758,1.15,0.0000
v2_clean,25,gripper,20,0.3134,0.2815,0.3525,0.3525,9.17,0.0000
v2_clean,26,shoulder_pan,23,0.6077,0.6154,0.6154,0.6154,4.58,0.0000
v2_clean,26,shoulder_lift,23,0.5275,0.4396,1.8374,2.8132,5.16,0.0000
v2_clean,26,elbow_flex,23,2.7386,2.4176,4.3165,4.7912,5.73,0.0000
v2_clean,26,wrist_flex,23,0.8581,0.8352,1.0110,1.0110,4.01,0.0000
v2_clean,26,wrist_roll,23,0.1949,0.1758,0.2637,0.2637,1.15,0.0000
v2_clean,26,gripper,23,0.3645,0.3799,0.3799,0.3799,9.17,0.0000
v2_clean,27,shoulder_pan,19,0.0879,0.0879,0.0879,0.0879,4.58,0.0000
v2_clean,27,shoulder_lift,19,0.7958,0.3517,3.2264,3.7802,5.16,0.0000
v2_clean,27,elbow_flex,19,2.3250,1.9780,3.5516,4.2637,5.73,0.0000
v2_clean,27,wrist_flex,19,0.3169,0.3077,0.4835,0.4835,4.01,0.0000
v2_clean,27,wrist_roll,19,0.2406,0.2637,0.2637,0.2637,1.15,0.0000
v2_clean,27,gripper,19,0.3015,0.3015,0.3015,0.3015,9.17,0.0000
v2_clean,28,shoulder_pan,17,0.2637,0.2637,0.2637,0.2637,4.58,0.0000
v2_clean,28,shoulder_lift,17,0.7292,0.6154,1.9516,2.7253,5.16,0.0000
v2_clean,28,elbow_flex,17,2.5314,2.0659,4.8967,5.6703,5.73,0.0000
v2_clean,28,wrist_flex,17,0.6852,0.6593,0.8352,0.8352,4.01,0.0000
v2_clean,28,wrist_roll,17,0.1034,0.0000,0.2637,0.2637,1.15,0.0000
v2_clean,28,gripper,17,0.1615,0.1615,0.1615,0.1615,9.17,0.0000
v2_clean,29,shoulder_pan,26,0.6120,0.7912,0.7912,0.7912,4.58,0.0000
v2_clean,29,shoulder_lift,26,0.5309,0.5275,0.8571,0.9670,5.16,0.0000
v2_clean,29,elbow_flex,26,2.2147,2.0220,3.4286,4.1758,5.73,0.0000
v2_clean,29,wrist_flex,26,0.9738,1.0989,1.6264,2.2418,4.01,0.0000
v2_clean,29,wrist_roll,26,0.0845,0.0879,0.1758,0.2637,1.15,0.0000
v2_clean,29,gripper,26,0.0313,0.0313,0.0313,0.0313,9.17,0.0000
v2_clean,30,shoulder_pan,20,0.7868,0.7033,1.1429,1.1429,4.58,0.0000
v2_clean,30,shoulder_lift,20,0.6637,0.4396,2.0571,2.7253,5.16,0.0000
v2_clean,30,elbow_flex,20,2.4835,2.1099,3.6879,4.4396,5.73,0.0000
v2_clean,30,wrist_flex,20,0.2198,0.1319,0.5714,0.5714,4.01,0.0000
v2_clean,30,wrist_roll,20,0.2989,0.3077,0.3516,0.3516,1.15,0.0000
v2_clean,30,gripper,20,0.1635,0.1635,0.1635,0.1635,9.17,0.0000
v2_clean,31,shoulder_pan,26,1.0921,1.0989,1.1429,1.1429,4.58,0.0000
v2_clean,31,shoulder_lift,26,0.3381,0.3077,0.4396,0.4396,5.16,0.0000
v2_clean,31,elbow_flex,26,2.1471,1.8462,3.6703,4.8791,5.73,0.0000
v2_clean,31,wrist_flex,26,0.8318,0.8352,1.6923,2.8571,4.01,0.0000
v2_clean,31,wrist_roll,26,0.2908,0.2637,0.3516,0.3516,1.15,0.0000
v2_clean,31,gripper,26,0.3074,0.3074,0.3074,0.3074,9.17,0.0000
v2_clean,32,shoulder_pan,20,1.0462,1.0549,1.0549,1.0549,4.58,0.0000
v2_clean,32,shoulder_lift,20,0.7692,0.3956,3.0286,3.7802,5.16,0.0000
v2_clean,32,elbow_flex,20,2.2286,2.0220,3.5077,4.1758,5.73,0.0000
v2_clean,32,wrist_flex,20,0.7165,0.7473,0.8352,0.8352,4.01,0.0000
v2_clean,32,wrist_roll,20,0.0264,0.0000,0.0879,0.0879,1.15,0.0000
v2_clean,32,gripper,20,0.1106,0.1106,0.1106,0.1106,9.17,0.0000
v2_clean,33,shoulder_pan,24,0.2161,0.1758,0.2637,0.2637,4.58,0.0000
v2_clean,33,shoulder_lift,24,0.7949,0.4835,2.6549,3.6923,5.16,0.0000
v2_clean,33,elbow_flex,24,2.2967,2.2857,3.5429,4.3516,5.73,0.0000
v2_clean,33,wrist_flex,24,0.1355,0.1319,0.2198,0.2198,4.01,0.0000
v2_clean,33,wrist_roll,24,0.1648,0.0879,0.3516,0.3516,1.15,0.0000
v2_clean,33,gripper,24,0.3216,0.3216,0.3216,0.3216,9.17,0.0000
v2_clean,34,shoulder_pan,22,0.7193,0.7033,0.9626,0.9670,4.58,0.0000
v2_clean,34,shoulder_lift,22,0.7672,0.3516,2.9363,3.9560,5.16,0.0000
v2_clean,34,elbow_flex,22,2.1499,1.8901,3.2703,4.0879,5.73,0.0000
v2_clean,34,wrist_flex,22,0.3157,0.3077,0.5582,0.5714,4.01,0.0000
v2_clean,34,wrist_roll,22,0.1998,0.2637,0.2637,0.2637,1.15,0.0000
v2_clean,34,gripper,22,0.3686,0.3686,0.3686,0.3686,9.17,0.0000
v3_start_coverage,0,shoulder_pan,35,0.8088,0.7912,0.9670,0.9670,4.58,0.0000
v3_start_coverage,0,shoulder_lift,35,0.6053,0.5275,1.3802,2.9011,5.16,0.0000
v3_start_coverage,0,elbow_flex,35,2.2845,1.9780,3.3055,4.2637,5.73,0.0000
v3_start_coverage,0,wrist_flex,35,0.1369,0.1319,0.2462,0.3077,4.01,0.0000
v3_start_coverage,0,wrist_roll,35,0.1934,0.1758,0.2637,0.2637,1.15,0.0000
v3_start_coverage,0,gripper,35,0.3074,0.3074,0.3074,0.3074,9.17,0.0000
v3_start_coverage,1,shoulder_pan,40,0.7187,0.7033,0.7912,0.7912,4.58,0.0000
v3_start_coverage,1,shoulder_lift,40,0.5560,0.3516,1.6264,3.4286,5.16,0.0000
v3_start_coverage,1,elbow_flex,40,1.7473,1.5385,2.3648,3.8242,5.73,0.0000
v3_start_coverage,1,wrist_flex,40,0.5209,0.4835,0.7473,0.7473,4.01,0.0000
v3_start_coverage,1,wrist_roll,40,0.1209,0.0879,0.3516,0.3516,1.15,0.0000
v3_start_coverage,1,gripper,40,0.3705,0.3705,0.3705,0.3705,9.17,0.0000
v3_start_coverage,2,shoulder_pan,55,0.2637,0.2637,0.2637,0.2637,4.58,0.0000
v3_start_coverage,2,shoulder_lift,55,0.5866,0.4396,1.0110,2.9890,5.16,0.0000
v3_start_coverage,2,elbow_flex,55,2.0004,1.8901,2.5319,3.6484,5.73,0.0000
v3_start_coverage,2,wrist_flex,55,1.0350,1.0110,1.0989,1.0989,4.01,0.0000
v3_start_coverage,2,wrist_roll,55,0.0863,0.0879,0.1143,0.1758,1.15,0.0000
v3_start_coverage,2,gripper,55,0.3945,0.3945,0.3945,0.3945,9.17,0.0000
v3_start_coverage,3,shoulder_pan,28,1.0455,1.0549,1.0549,1.0549,4.58,0.0000
v3_start_coverage,3,shoulder_lift,28,0.6248,0.4835,1.4242,2.4615,5.16,0.0000
v3_start_coverage,3,elbow_flex,28,2.3234,1.7143,4.9275,5.4066,5.73,0.0000
v3_start_coverage,3,wrist_flex,28,0.2857,0.0440,1.9429,2.2418,4.01,0.0000
v3_start_coverage,3,wrist_roll,28,0.0754,0.0879,0.0879,0.0879,1.15,0.0000
v3_start_coverage,3,gripper,28,0.4358,0.4376,0.5086,0.5086,9.17,0.0000
v3_start_coverage,4,shoulder_pan,82,0.4396,0.4396,0.4396,0.4396,4.58,0.0000
v3_start_coverage,4,shoulder_lift,82,0.4867,0.3516,0.7824,3.5165,5.16,0.0000
v3_start_coverage,4,elbow_flex,82,1.9137,1.8022,2.4879,3.9121,5.73,0.0000
v3_start_coverage,4,wrist_flex,82,0.0761,0.0440,0.2198,0.2198,4.01,0.0000
v3_start_coverage,4,wrist_roll,82,0.1748,0.1758,0.1758,0.1758,1.15,0.0000
v3_start_coverage,4,gripper,82,0.3666,0.3666,0.3666,0.3666,9.17,0.0000
v3_start_coverage,5,shoulder_pan,25,0.7982,0.8791,0.8791,0.8791,4.58,0.0000
v3_start_coverage,5,shoulder_lift,25,0.8440,0.7033,2.3209,3.0769,5.16,0.0000
v3_start_coverage,5,elbow_flex,25,2.2347,1.8901,3.8593,4.6154,5.73,0.0000
v3_start_coverage,5,wrist_flex,25,0.1319,0.1319,0.1319,0.1319,4.01,0.0000
v3_start_coverage,5,wrist_roll,25,0.1758,0.1758,0.1758,0.1758,1.15,0.0000
v3_start_coverage,5,gripper,25,0.3686,0.3686,0.3686,0.3686,9.17,0.0000
v3_start_coverage,6,shoulder_pan,23,0.9823,0.9670,1.0549,1.0549,4.58,0.0000
v3_start_coverage,6,shoulder_lift,23,0.4396,0.1758,1.6615,1.8462,5.16,0.0000
v3_start_coverage,6,elbow_flex,23,2.1997,1.9780,3.1736,3.3846,5.73,0.0000
v3_start_coverage,6,wrist_flex,23,1.0721,1.0989,1.0989,1.0989,4.01,0.0000
v3_start_coverage,6,wrist_roll,23,0.3516,0.3516,0.3516,0.3516,1.15,0.0000
v3_start_coverage,6,gripper,23,0.3540,0.3725,0.3725,0.3725,9.17,0.0000
v3_start_coverage,7,shoulder_pan,64,0.6882,0.7033,0.7912,0.7912,4.58,0.0000
v3_start_coverage,7,shoulder_lift,64,0.4959,0.3516,0.9143,2.6374,5.16,0.0000
v3_start_coverage,7,elbow_flex,64,1.8695,1.7143,2.4044,4.1758,5.73,0.0000
v3_start_coverage,7,wrist_flex,64,0.7473,0.7473,0.7473,0.7473,4.01,0.0000
v3_start_coverage,7,wrist_roll,64,0.1662,0.1758,0.2637,0.2637,1.15,0.0000
v3_start_coverage,7,gripper,64,0.3617,0.3705,0.3705,0.3705,9.17,0.0000
v3_start_coverage,8,shoulder_pan,27,0.6740,0.7033,0.7033,0.7033,4.58,0.0000
v3_start_coverage,8,shoulder_lift,27,0.7326,0.5275,2.6989,3.5165,5.16,0.0000
v3_start_coverage,8,elbow_flex,27,2.0627,1.9780,3.1121,3.6484,5.73,0.0000
v3_start_coverage,8,wrist_flex,27,0.9556,0.9231,1.0989,1.0989,4.01,0.0000
v3_start_coverage,8,wrist_roll,27,0.1368,0.1758,0.1758,0.1758,1.15,0.0000
v3_start_coverage,8,gripper,27,0.4228,0.4376,0.5086,0.5086,9.17,0.0000
v3_start_coverage,9,shoulder_pan,82,0.6872,0.7033,0.7033,0.7033,4.58,0.0000
v3_start_coverage,9,shoulder_lift,82,0.5875,0.5275,0.7912,2.6374,5.16,0.0000
v3_start_coverage,9,elbow_flex,82,1.8955,1.8022,2.4879,3.7363,5.73,0.0000
v3_start_coverage,9,wrist_flex,82,1.0110,1.0110,1.0110,1.0110,4.01,0.0000
v3_start_coverage,9,wrist_roll,82,0.3066,0.2637,0.3516,0.4396,1.15,0.0000
v3_start_coverage,9,gripper,82,0.3945,0.3945,0.3945,0.3945,9.17,0.0000
v3_start_coverage,10,shoulder_pan,39,0.7461,0.7033,0.8879,0.9670,4.58,0.0000
v3_start_coverage,10,shoulder_lift,39,0.8340,0.6154,2.2857,3.9560,5.16,0.0000
v3_start_coverage,10,elbow_flex,39,2.4131,2.2418,3.8418,4.2637,5.73,0.0000
v3_start_coverage,10,wrist_flex,39,0.1702,0.1319,0.4835,0.4835,4.01,0.0000
v3_start_coverage,10,wrist_roll,39,0.1848,0.1758,0.2637,0.2637,1.15,0.0000
v3_start_coverage,10,gripper,39,0.3860,0.3686,0.5105,0.5105,9.17,0.0000
v3_start_coverage,11,shoulder_pan,27,0.9670,0.9670,0.9670,0.9670,4.58,0.0000
v3_start_coverage,11,shoulder_lift,27,0.7066,0.6154,1.2484,2.1099,5.16,0.0000
v3_start_coverage,11,elbow_flex,27,2.2743,1.8901,3.9033,4.7912,5.73,0.0000
v3_start_coverage,11,wrist_flex,27,1.0989,1.0989,1.0989,1.0989,4.01,0.0000
v3_start_coverage,11,wrist_roll,27,0.3093,0.3516,0.3516,0.3516,1.15,0.0000
v3_start_coverage,11,gripper,27,0.2956,0.2956,0.2956,0.2956,9.17,0.0000
v3_start_coverage,12,shoulder_pan,58,0.6154,0.6154,0.6154,0.6154,4.58,0.0000
v3_start_coverage,12,shoulder_lift,58,0.4123,0.3516,0.7912,0.9670,5.16,0.0000
v3_start_coverage,12,elbow_flex,58,2.1069,1.9780,2.7473,4.0000,5.73,0.0000
v3_start_coverage,12,wrist_flex,58,0.2198,0.2198,0.2198,0.2198,4.01,0.0000
v3_start_coverage,12,wrist_roll,58,0.1349,0.1758,0.1758,0.1758,1.15,0.0000
v3_start_coverage,12,gripper,58,0.3928,0.3940,0.3940,0.3940,9.17,0.0000
v3_start_coverage,13,shoulder_pan,28,1.0989,1.1429,1.1429,1.1429,4.58,0.0000
v3_start_coverage,13,shoulder_lift,28,0.5589,0.3516,1.4505,2.7253,5.16,0.0000
v3_start_coverage,13,elbow_flex,28,2.3203,2.0659,3.3187,4.0879,5.73,0.0000
v3_start_coverage,13,wrist_flex,28,0.9451,0.9231,1.0110,1.0110,4.01,0.0000
v3_start_coverage,13,wrist_roll,28,0.2951,0.2637,0.3516,0.3516,1.15,0.0000
v3_start_coverage,13,gripper,28,0.4066,0.4395,0.4395,0.4395,9.17,0.0000
v3_start_coverage,14,shoulder_pan,73,0.8153,0.8791,0.8791,0.8791,4.58,0.0000
v3_start_coverage,14,shoulder_lift,73,0.6792,0.6154,0.6505,3.7802,5.16,0.0000
v3_start_coverage,14,elbow_flex,73,2.5067,2.4176,2.6989,4.7033,5.73,0.0000
v3_start_coverage,14,wrist_flex,73,0.2198,0.2198,0.2198,0.2198,4.01,0.0000
v3_start_coverage,14,wrist_roll,73,0.1734,0.1758,0.2637,0.2637,1.15,0.0000
v3_start_coverage,14,gripper,73,0.3666,0.3666,0.3666,0.3666,9.17,0.0000
v3_start_coverage,15,shoulder_pan,69,0.4052,0.3516,0.6154,0.7033,4.58,0.0000
v3_start_coverage,15,shoulder_lift,69,0.3848,0.2637,0.7736,2.4615,5.16,0.0000
v3_start_coverage,15,elbow_flex,69,2.2328,2.1538,2.6462,3.7363,5.73,0.0000
v3_start_coverage,15,wrist_flex,69,0.9129,0.9231,0.9231,0.9231,4.01,0.0000
v3_start_coverage,15,wrist_roll,69,0.1147,0.0879,0.2637,0.2637,1.15,0.0000
v3_start_coverage,15,gripper,69,0.2996,0.2996,0.2996,0.2996,9.17,0.0000
v3_start_coverage,16,shoulder_pan,25,0.8440,0.8791,0.8791,0.8791,4.58,0.0000
v3_start_coverage,16,shoulder_lift,25,0.7420,0.6154,1.6176,2.4615,5.16,0.0000
v3_start_coverage,16,elbow_flex,25,1.9710,1.8901,2.3648,2.6813,5.73,0.0000
v3_start_coverage,16,wrist_flex,25,0.8914,0.9231,0.9231,0.9231,4.01,0.0000
v3_start_coverage,16,wrist_roll,25,0.2251,0.2637,0.2637,0.2637,1.15,0.0000
v3_start_coverage,16,gripper,25,0.2467,0.2467,0.2467,0.2467,9.17,0.0000
v3_start_coverage,17,shoulder_pan,20,0.7912,0.8791,0.8791,0.8791,4.58,0.0000
v3_start_coverage,17,shoulder_lift,20,0.8000,0.3516,2.9451,3.7802,5.16,0.0000
v3_start_coverage,17,elbow_flex,20,1.8506,1.7143,2.4615,3.2967,5.73,0.0000
v3_start_coverage,17,wrist_flex,20,1.2747,1.2747,1.2747,1.2747,4.01,0.0000
v3_start_coverage,17,wrist_roll,20,0.1978,0.1758,0.2637,0.2637,1.15,0.0000
v3_start_coverage,17,gripper,20,0.3906,0.3906,0.3906,0.3906,9.17,0.0000
v3_start_coverage,18,shoulder_pan,68,0.4370,0.4396,0.5275,0.7033,4.58,0.0000
v3_start_coverage,18,shoulder_lift,68,0.5818,0.6154,0.6725,3.3407,5.16,0.0000
v3_start_coverage,18,elbow_flex,68,2.0026,1.8022,3.5209,5.0549,5.73,0.0000
v3_start_coverage,18,wrist_flex,68,0.0517,0.0440,0.1319,0.1319,4.01,0.0000
v3_start_coverage,18,wrist_roll,68,0.2637,0.2637,0.2637,0.2637,1.15,0.0000
v3_start_coverage,18,gripper,68,0.4395,0.4395,0.4395,0.4395,9.17,0.0000
v3_start_coverage,19,shoulder_pan,38,0.4928,0.3516,0.8791,0.8791,4.58,0.0000
v3_start_coverage,19,shoulder_lift,38,0.5876,0.5275,0.8703,2.1099,5.16,0.0000
v3_start_coverage,19,elbow_flex,38,2.5633,1.8901,3.9297,5.2308,5.73,0.0000
v3_start_coverage,19,wrist_flex,38,0.7866,0.8352,0.8352,0.8352,4.01,0.0000
v3_start_coverage,19,wrist_roll,38,0.2105,0.1758,0.3516,0.3516,1.15,0.0000
v3_start_coverage,19,gripper,38,0.3255,0.3255,0.3255,0.3255,9.17,0.0000
v3_start_coverage,20,shoulder_pan,69,0.1733,0.1758,0.1758,0.1758,4.58,0.0000
v3_start_coverage,20,shoulder_lift,69,0.5249,0.4396,0.6154,3.2528,5.16,0.0000
v3_start_coverage,20,elbow_flex,69,1.5907,1.5385,1.6791,3.3846,5.73,0.0000
v3_start_coverage,20,wrist_flex,69,1.1868,1.1868,1.1868,1.1868,4.01,0.0000
v3_start_coverage,20,wrist_roll,69,0.1121,0.0879,0.2637,0.2637,1.15,0.0000
v3_start_coverage,20,gripper,69,0.2956,0.2956,0.2956,0.2956,9.17,0.0000
v3_start_coverage,21,shoulder_pan,21,0.5651,0.6154,0.6154,0.6154,4.58,0.0000
v3_start_coverage,21,shoulder_lift,21,0.6405,0.4396,2.0220,2.6374,5.16,0.0000
v3_start_coverage,21,elbow_flex,21,1.7771,1.7143,2.1538,2.4176,5.73,0.0000
v3_start_coverage,21,wrist_flex,21,0.9231,0.9231,0.9231,0.9231,4.01,0.0000
v3_start_coverage,21,wrist_roll,21,0.1423,0.0879,0.2637,0.2637,1.15,0.0000
v3_start_coverage,21,gripper,21,0.2956,0.2956,0.2956,0.2956,9.17,0.0000
v3_start_coverage,22,shoulder_pan,32,0.7033,0.7033,0.7033,0.7033,4.58,0.0000
v3_start_coverage,22,shoulder_lift,32,0.4753,0.4396,0.7033,0.7033,5.16,0.0000
v3_start_coverage,22,elbow_flex,32,2.2225,1.9780,3.4857,4.3517,5.73,0.0000
v3_start_coverage,22,wrist_flex,32,0.8901,0.8352,1.3582,2.4176,4.01,0.0000
v3_start_coverage,22,wrist_roll,32,0.1429,0.1758,0.2637,0.2637,1.15,0.0000
v3_start_coverage,22,gripper,32,0.3015,0.3015,0.3015,0.3015,9.17,0.0000
v3_start_coverage,23,shoulder_pan,52,0.6813,0.7033,0.7912,0.7912,4.58,0.0000
v3_start_coverage,23,shoulder_lift,52,0.2705,0.0879,1.0681,2.4615,5.16,0.0000
v3_start_coverage,23,elbow_flex,52,2.4886,2.3297,3.1824,5.2308,5.73,0.0000
v3_start_coverage,23,wrist_flex,52,0.7473,0.7473,0.7473,0.7473,4.01,0.0000
v3_start_coverage,23,wrist_roll,52,0.1403,0.1758,0.2637,0.2637,1.15,0.0000
v3_start_coverage,23,gripper,52,0.3111,0.2961,0.3671,0.3671,9.17,0.0000
v3_start_coverage,24,shoulder_pan,18,0.8791,0.8791,0.8791,0.8791,4.58,0.0000
v3_start_coverage,24,shoulder_lift,18,0.7863,0.4835,2.3165,2.9890,5.16,0.0000
v3_start_coverage,24,elbow_flex,18,2.1880,1.8901,3.5912,4.2637,5.73,0.0000
v3_start_coverage,24,wrist_flex,18,1.1868,1.1868,1.1868,1.1868,4.01,0.0000
v3_start_coverage,24,wrist_roll,18,0.0977,0.0000,0.2637,0.2637,1.15,0.0000
v3_start_coverage,24,gripper,18,0.3686,0.3686,0.3686,0.3686,9.17,0.0000
v3_start_coverage,25,shoulder_pan,77,0.6679,0.7033,0.7033,0.7033,4.58,0.0000
v3_start_coverage,25,shoulder_lift,77,0.5012,0.5275,0.5275,0.6154,5.16,0.0000
v3_start_coverage,25,elbow_flex,77,1.8056,1.7143,2.1187,4.4396,5.73,0.0000
v3_start_coverage,25,wrist_flex,77,1.0350,1.0110,1.0110,2.9451,4.01,0.0000
v3_start_coverage,25,wrist_roll,77,0.1050,0.0879,0.2813,0.3516,1.15,0.0000
v3_start_coverage,25,gripper,77,0.3015,0.3015,0.3015,0.3015,9.17,0.0000
v3_start_coverage,26,shoulder_pan,50,0.6875,0.6593,0.9670,0.9670,4.58,0.0000
v3_start_coverage,26,shoulder_lift,50,0.3288,0.2637,0.8484,2.8132,5.16,0.0000
v3_start_coverage,26,elbow_flex,50,2.2154,1.9780,3.9868,5.2308,5.73,0.0000
v3_start_coverage,26,wrist_flex,50,0.3956,0.3956,0.3956,0.3956,4.01,0.0000
v3_start_coverage,26,wrist_roll,50,0.1776,0.1758,0.2637,0.2637,1.15,0.0000
v3_start_coverage,26,gripper,50,0.1165,0.1165,0.1165,0.1165,9.17,0.0000
v3_start_coverage,27,shoulder_pan,18,0.4835,0.4396,0.5407,0.6154,4.58,0.0000
v3_start_coverage,27,shoulder_lift,18,0.7570,0.4396,2.5143,2.8132,5.16,0.0000
v3_start_coverage,27,elbow_flex,18,2.5299,2.0659,4.2549,4.7033,5.73,0.0000
v3_start_coverage,27,wrist_flex,18,0.0440,0.0440,0.0440,0.0440,4.01,0.0000
v3_start_coverage,27,wrist_roll,18,0.1514,0.1319,0.3516,0.3516,1.15,0.0000
v3_start_coverage,27,gripper,18,0.4395,0.4395,0.4395,0.4395,9.17,0.0000
v3_start_coverage,28,shoulder_pan,50,0.0879,0.0879,0.0879,0.0879,4.58,0.0000
v3_start_coverage,28,shoulder_lift,50,0.4800,0.3516,1.0330,2.5495,5.16,0.0000
v3_start_coverage,28,elbow_flex,50,2.1574,2.1538,2.1538,2.3297,5.73,0.0000
v3_start_coverage,28,wrist_flex,50,1.1868,1.1868,1.1868,1.1868,4.01,0.0000
v3_start_coverage,28,wrist_roll,50,0.0791,0.0879,0.1758,0.1758,1.15,0.0000
v3_start_coverage,28,gripper,50,0.2384,0.2384,0.2384,0.2384,9.17,0.0000
v3_start_coverage,29,shoulder_pan,35,0.5099,0.6154,0.6154,0.6154,4.58,0.0000
v3_start_coverage,29,shoulder_lift,35,0.5074,0.5275,0.5275,0.5275,5.16,0.0000
v3_start_coverage,29,elbow_flex,35,1.8575,1.8022,2.1451,2.8571,5.73,0.0000
v3_start_coverage,29,wrist_flex,35,1.1316,1.0989,1.3099,3.0330,4.01,0.0000
v3_start_coverage,29,wrist_roll,35,0.2813,0.2637,0.3516,0.3516,1.15,0.0000
v3_start_coverage,29,gripper,35,0.3686,0.3686,0.3686,0.3686,9.17,0.0000
