dataset,episode,length,state_first_movement_frame,state_first_movement_s,action_first_movement_frame,action_first_movement_s,static_length_frames,moving_length_frames,static_fraction,v4_wrist_variation_episode
v2_clean,0,329,23,0.76667,20,0.66667,23,306,0.06991,False
v2_clean,1,329,34,1.13333,31,1.03333,34,295,0.10334,False
v2_clean,2,328,29,0.96667,24,0.80000,29,299,0.08841,False
v2_clean,3,329,25,0.83333,21,0.70000,25,304,0.07599,False
v2_clean,4,329,28,0.93333,26,0.86667,28,301,0.08511,False
v2_clean,5,328,23,0.76667,21,0.70000,23,305,0.07012,False
v2_clean,6,329,24,0.80000,21,0.70000,24,305,0.07295,False
v2_clean,7,329,31,1.03333,28,0.93333,31,298,0.09422,False
v2_clean,8,329,25,0.83333,22,0.73333,25,304,0.07599,False
v2_clean,9,329,25,0.83333,21,0.70000,25,304,0.07599,False
v2_clean,10,329,32,1.06667,29,0.96667,32,297,0.09726,False
v2_clean,11,329,29,0.96667,23,0.76667,29,300,0.08815,False
v2_clean,12,328,30,1.00000,28,0.93333,30,298,0.09146,False
v2_clean,13,329,34,1.13333,31,1.03333,34,295,0.10334,False
v2_clean,14,329,25,0.83333,20,0.66667,25,304,0.07599,False
v2_clean,15,329,29,0.96667,25,0.83333,29,300,0.08815,False
v2_clean,16,329,29,0.96667,25,0.83333,29,300,0.08815,False
v2_clean,17,328,24,0.80000,20,0.66667,24,304,0.07317,False
v2_clean,18,328,24,0.80000,20,0.66667,24,304,0.07317,False
v2_clean,19,328,26,0.86667,23,0.76667,26,302,0.07927,False
v2_clean,20,329,24,0.80000,20,0.66667,24,305,0.07295,False
v2_clean,21,329,20,0.66667,16,0.53333,20,309,0.06079,False
v2_clean,22,329,24,0.80000,20,0.66667,24,305,0.07295,False
v2_clean,23,329,26,0.86667,23,0.76667,26,303,0.07903,False
v2_clean,24,329,15,0.50000,12,0.40000,15,314,0.04559,False
v2_clean,25,329,20,0.66667,16,0.53333,20,309,0.06079,False
v2_clean,26,328,23,0.76667,18,0.60000,23,305,0.07012,False
v2_clean,27,329,19,0.63333,15,0.50000,19,310,0.05775,False
v2_clean,28,329,17,0.56667,13,0.43333,17,312,0.05167,False
v2_clean,29,328,26,0.86667,22,0.73333,26,302,0.07927,False
v2_clean,30,329,20,0.66667,17,0.56667,20,309,0.06079,False
v2_clean,31,329,26,0.86667,23,0.76667,26,303,0.07903,False
v2_clean,32,329,20,0.66667,17,0.56667,20,309,0.06079,False
v2_clean,33,328,24,0.80000,20,0.66667,24,304,0.07317,False
v2_clean,34,328,22,0.73333,19,0.63333,22,306,0.06707,False
v3_clean,0,329,35,1.16667,26,0.86667,35,294,0.10638,False
v3_clean,1,328,40,1.33333,37,1.23333,40,288,0.12195,False
v3_clean,2,329,55,1.83333,52,1.73333,55,274,0.16717,False
v3_clean,3,328,28,0.93333,23,0.76667,28,300,0.08537,False
v3_clean,4,329,82,2.73333,78,2.60000,82,247,0.24924,False
v3_clean,5,328,25,0.83333,21,0.70000,25,303,0.07622,False
v3_clean,6,327,23,0.76667,19,0.63333,23,304,0.07034,False
v3_clean,7,329,64,2.13333,61,2.03333,64,265,0.19453,False
v3_clean,8,329,27,0.90000,24,0.80000,27,302,0.08207,False
v3_clean,9,325,82,2.73333,80,2.66667,82,243,0.25231,False
v3_clean,10,327,39,1.30000,35,1.16667,39,288,0.11927,False
v3_clean,11,328,27,0.90000,23,0.76667,27,301,0.08232,False
v3_clean,12,327,58,1.93333,55,1.83333,58,269,0.17737,False
v3_clean,13,328,28,0.93333,26,0.86667,28,300,0.08537,False
v3_clean,14,326,73,2.43333,69,2.30000,73,253,0.22393,False
v3_clean,15,326,69,2.30000,66,2.20000,69,257,0.21166,False
v3_clean,16,326,25,0.83333,22,0.73333,25,301,0.07669,False
v3_clean,17,326,20,0.66667,17,0.56667,20,306,0.06135,False
v3_clean,18,327,68,2.26667,63,2.10000,68,259,0.20795,False
v3_clean,19,327,38,1.26667,26,0.86667,38,289,0.11621,False
v3_clean,20,328,69,2.30000,66,2.20000,69,259,0.21037,False
v3_clean,21,326,21,0.70000,19,0.63333,21,305,0.06442,False
v3_clean,22,328,32,1.06667,29,0.96667,32,296,0.09756,False
v3_clean,23,327,52,1.73333,49,1.63333,52,275,0.15902,False
v3_clean,24,327,18,0.60000,16,0.53333,18,309,0.05505,False
v3_clean,25,327,77,2.56667,74,2.46667,77,250,0.23547,False
v3_clean,26,328,50,1.66667,45,1.50000,50,278,0.15244,False
v3_clean,27,328,18,0.60000,15,0.50000,18,310,0.05488,False
v3_clean,28,328,50,1.66667,48,1.60000,50,278,0.15244,False
v3_clean,29,326,35,1.16667,32,1.06667,35,291,0.10736,False
v4_train39,0,328,33,1.10000,29,0.96667,33,295,0.10061,False
v4_train39,1,328,33,1.10000,29,0.96667,33,295,0.10061,False
v4_train39,2,328,30,1.00000,27,0.90000,30,298,0.09146,False
v4_train39,3,328,39,1.30000,27,0.90000,39,289,0.11890,False
v4_train39,4,328,15,0.50000,13,0.43333,15,313,0.04573,False
v4_train39,5,328,22,0.73333,20,0.66667,22,306,0.06707,False
v4_train39,6,328,37,1.23333,33,1.10000,37,291,0.11280,False
v4_train39,7,328,19,0.63333,15,0.50000,19,309,0.05793,False
v4_train39,8,328,29,0.96667,25,0.83333,29,299,0.08841,False
v4_train39,9,328,35,1.16667,31,1.03333,35,293,0.10671,False
v4_train39,10,328,21,0.70000,18,0.60000,21,307,0.06402,False
v4_train39,11,328,37,1.23333,34,1.13333,37,291,0.11280,False
v4_train39,12,329,39,1.30000,35,1.16667,39,290,0.11854,False
v4_train39,13,328,36,1.20000,33,1.10000,36,292,0.10976,False
v4_train39,14,328,30,1.00000,26,0.86667,30,298,0.09146,False
v4_train39,15,328,30,1.00000,26,0.86667,30,298,0.09146,False
v4_train39,16,328,40,1.33333,37,1.23333,40,288,0.12195,False
v4_train39,17,328,44,1.46667,40,1.33333,44,284,0.13415,False
v4_train39,18,329,47,1.56667,43,1.43333,47,282,0.14286,False
v4_train39,19,328,45,1.50000,33,1.10000,45,283,0.13720,False
v4_train39,20,328,40,1.33333,31,1.03333,40,288,0.12195,False
v4_train39,21,329,31,1.03333,27,0.90000,31,298,0.09422,False
v4_train39,22,328,16,0.53333,13,0.43333,16,312,0.04878,False
v4_train39,23,328,33,1.10000,31,1.03333,33,295,0.10061,False
v4_train39,24,328,21,0.70000,19,0.63333,21,307,0.06402,False
v4_train39,25,328,15,0.50000,11,0.36667,15,313,0.04573,False
v4_train39,26,328,46,1.53333,43,1.43333,46,282,0.14024,False
v4_train39,27,328,37,1.23333,30,1.00000,37,291,0.11280,False
v4_train39,28,328,33,1.10000,29,0.96667,33,295,0.10061,False
v4_train39,29,328,26,0.86667,23,0.76667,26,302,0.07927,False
v4_train39,30,328,28,0.93333,21,0.70000,28,300,0.08537,False
v4_train39,31,328,16,0.53333,13,0.43333,16,312,0.04878,False
v4_train39,32,328,25,0.83333,20,0.66667,25,303,0.07622,False
v4_train39,33,328,27,0.90000,24,0.80000,27,301,0.08232,False
v4_train39,34,328,21,0.70000,17,0.56667,21,307,0.06402,False
v4_train39,35,328,15,0.50000,11,0.36667,15,313,0.04573,True
v4_train39,36,328,19,0.63333,17,0.56667,19,309,0.05793,True
v4_train39,37,328,23,0.76667,20,0.66667,23,305,0.07012,True
v4_train39,38,328,12,0.40000,9,0.30000,12,316,0.03659,True
v4_heldout6,0,328,45,1.50000,33,1.10000,45,283,0.13720,False
v4_heldout6,1,328,23,0.76667,22,0.73333,23,305,0.07012,False
v4_heldout6,2,328,33,1.10000,23,0.76667,33,295,0.10061,False
v4_heldout6,3,328,28,0.93333,25,0.83333,28,300,0.08537,False
v4_heldout6,4,328,35,1.16667,20,0.66667,35,293,0.10671,False
v4_heldout6,5,328,28,0.93333,22,0.73333,28,300,0.08537,False
